--
-- PostgreSQL database dump
--

-- Dumped from database version 16.9
-- Dumped by pg_dump version 16.9

SET statement_timeout = 0;
SET lock_timeout = 0;
SET idle_in_transaction_session_timeout = 0;
SET client_encoding = 'UTF8';
SET standard_conforming_strings = on;
SELECT pg_catalog.set_config('search_path', '', false);
SET check_function_bodies = false;
SET xmloption = content;
SET client_min_messages = warning;
SET row_security = off;

SET default_tablespace = '';

SET default_table_access_method = heap;

--
-- Name: auth_group; Type: TABLE; Schema: public; Owner: museo_user
--

CREATE TABLE public.auth_group (
    id integer NOT NULL,
    name character varying(150) NOT NULL
);


ALTER TABLE public.auth_group OWNER TO museo_user;

--
-- Name: auth_group_id_seq; Type: SEQUENCE; Schema: public; Owner: museo_user
--

ALTER TABLE public.auth_group ALTER COLUMN id ADD GENERATED BY DEFAULT AS IDENTITY (
    SEQUENCE NAME public.auth_group_id_seq
    START WITH 1
    INCREMENT BY 1
    NO MINVALUE
    NO MAXVALUE
    CACHE 1
);


--
-- Name: auth_group_permissions; Type: TABLE; Schema: public; Owner: museo_user
--

CREATE TABLE public.auth_group_permissions (
    id bigint NOT NULL,
    group_id integer NOT NULL,
    permission_id integer NOT NULL
);


ALTER TABLE public.auth_group_permissions OWNER TO museo_user;

--
-- Name: auth_group_permissions_id_seq; Type: SEQUENCE; Schema: public; Owner: museo_user
--

ALTER TABLE public.auth_group_permissions ALTER COLUMN id ADD GENERATED BY DEFAULT AS IDENTITY (
    SEQUENCE NAME public.auth_group_permissions_id_seq
    START WITH 1
    INCREMENT BY 1
    NO MINVALUE
    NO MAXVALUE
    CACHE 1
);


--
-- Name: auth_permission; Type: TABLE; Schema: public; Owner: museo_user
--

CREATE TABLE public.auth_permission (
    id integer NOT NULL,
    name character varying(255) NOT NULL,
    content_type_id integer NOT NULL,
    codename character varying(100) NOT NULL
);


ALTER TABLE public.auth_permission OWNER TO museo_user;

--
-- Name: auth_permission_id_seq; Type: SEQUENCE; Schema: public; Owner: museo_user
--

ALTER TABLE public.auth_permission ALTER COLUMN id ADD GENERATED BY DEFAULT AS IDENTITY (
    SEQUENCE NAME public.auth_permission_id_seq
    START WITH 1
    INCREMENT BY 1
    NO MINVALUE
    NO MAXVALUE
    CACHE 1
);


--
-- Name: auth_user; Type: TABLE; Schema: public; Owner: museo_user
--

CREATE TABLE public.auth_user (
    id integer NOT NULL,
    password character varying(128) NOT NULL,
    last_login timestamp with time zone,
    is_superuser boolean NOT NULL,
    username character varying(150) NOT NULL,
    first_name character varying(150) NOT NULL,
    last_name character varying(150) NOT NULL,
    email character varying(254) NOT NULL,
    is_staff boolean NOT NULL,
    is_active boolean NOT NULL,
    date_joined timestamp with time zone NOT NULL
);


ALTER TABLE public.auth_user OWNER TO museo_user;

--
-- Name: auth_user_groups; Type: TABLE; Schema: public; Owner: museo_user
--

CREATE TABLE public.auth_user_groups (
    id bigint NOT NULL,
    user_id integer NOT NULL,
    group_id integer NOT NULL
);


ALTER TABLE public.auth_user_groups OWNER TO museo_user;

--
-- Name: auth_user_groups_id_seq; Type: SEQUENCE; Schema: public; Owner: museo_user
--

ALTER TABLE public.auth_user_groups ALTER COLUMN id ADD GENERATED BY DEFAULT AS IDENTITY (
    SEQUENCE NAME public.auth_user_groups_id_seq
    START WITH 1
    INCREMENT BY 1
    NO MINVALUE
    NO MAXVALUE
    CACHE 1
);


--
-- Name: auth_user_id_seq; Type: SEQUENCE; Schema: public; Owner: museo_user
--

ALTER TABLE public.auth_user ALTER COLUMN id ADD GENERATED BY DEFAULT AS IDENTITY (
    SEQUENCE NAME public.auth_user_id_seq
    START WITH 1
    INCREMENT BY 1
    NO MINVALUE
    NO MAXVALUE
    CACHE 1
);


--
-- Name: auth_user_user_permissions; Type: TABLE; Schema: public; Owner: museo_user
--

CREATE TABLE public.auth_user_user_permissions (
    id bigint NOT NULL,
    user_id integer NOT NULL,
    permission_id integer NOT NULL
);


ALTER TABLE public.auth_user_user_permissions OWNER TO museo_user;

--
-- Name: auth_user_user_permissions_id_seq; Type: SEQUENCE; Schema: public; Owner: museo_user
--

ALTER TABLE public.auth_user_user_permissions ALTER COLUMN id ADD GENERATED BY DEFAULT AS IDENTITY (
    SEQUENCE NAME public.auth_user_user_permissions_id_seq
    START WITH 1
    INCREMENT BY 1
    NO MINVALUE
    NO MAXVALUE
    CACHE 1
);


--
-- Name: django_admin_log; Type: TABLE; Schema: public; Owner: museo_user
--

CREATE TABLE public.django_admin_log (
    id integer NOT NULL,
    action_time timestamp with time zone NOT NULL,
    object_id text,
    object_repr character varying(200) NOT NULL,
    action_flag smallint NOT NULL,
    change_message text NOT NULL,
    content_type_id integer,
    user_id integer NOT NULL,
    CONSTRAINT django_admin_log_action_flag_check CHECK ((action_flag >= 0))
);


ALTER TABLE public.django_admin_log OWNER TO museo_user;

--
-- Name: django_admin_log_id_seq; Type: SEQUENCE; Schema: public; Owner: museo_user
--

ALTER TABLE public.django_admin_log ALTER COLUMN id ADD GENERATED BY DEFAULT AS IDENTITY (
    SEQUENCE NAME public.django_admin_log_id_seq
    START WITH 1
    INCREMENT BY 1
    NO MINVALUE
    NO MAXVALUE
    CACHE 1
);


--
-- Name: django_content_type; Type: TABLE; Schema: public; Owner: museo_user
--

CREATE TABLE public.django_content_type (
    id integer NOT NULL,
    app_label character varying(100) NOT NULL,
    model character varying(100) NOT NULL
);


ALTER TABLE public.django_content_type OWNER TO museo_user;

--
-- Name: django_content_type_id_seq; Type: SEQUENCE; Schema: public; Owner: museo_user
--

ALTER TABLE public.django_content_type ALTER COLUMN id ADD GENERATED BY DEFAULT AS IDENTITY (
    SEQUENCE NAME public.django_content_type_id_seq
    START WITH 1
    INCREMENT BY 1
    NO MINVALUE
    NO MAXVALUE
    CACHE 1
);


--
-- Name: django_migrations; Type: TABLE; Schema: public; Owner: museo_user
--

CREATE TABLE public.django_migrations (
    id bigint NOT NULL,
    app character varying(255) NOT NULL,
    name character varying(255) NOT NULL,
    applied timestamp with time zone NOT NULL
);


ALTER TABLE public.django_migrations OWNER TO museo_user;

--
-- Name: django_migrations_id_seq; Type: SEQUENCE; Schema: public; Owner: museo_user
--

ALTER TABLE public.django_migrations ALTER COLUMN id ADD GENERATED BY DEFAULT AS IDENTITY (
    SEQUENCE NAME public.django_migrations_id_seq
    START WITH 1
    INCREMENT BY 1
    NO MINVALUE
    NO MAXVALUE
    CACHE 1
);


--
-- Name: django_session; Type: TABLE; Schema: public; Owner: museo_user
--

CREATE TABLE public.django_session (
    session_key character varying(40) NOT NULL,
    session_data text NOT NULL,
    expire_date timestamp with time zone NOT NULL
);


ALTER TABLE public.django_session OWNER TO museo_user;

--
-- Name: gallery_autore; Type: TABLE; Schema: public; Owner: museo_user
--

CREATE TABLE public.gallery_autore (
    codice integer NOT NULL,
    nome character varying(60) NOT NULL,
    cognome character varying(60) NOT NULL,
    nazione character varying(40) NOT NULL,
    data_nascita date NOT NULL,
    tipo character varying(5) NOT NULL,
    data_morte date,
    CONSTRAINT autore_vivo_morto_constraint CHECK ((((data_morte IS NULL) AND ((tipo)::text = 'vivo'::text)) OR ((data_morte IS NOT NULL) AND ((tipo)::text = 'morto'::text))))
);


ALTER TABLE public.gallery_autore OWNER TO museo_user;

--
-- Name: gallery_autore_codice_seq; Type: SEQUENCE; Schema: public; Owner: museo_user
--

ALTER TABLE public.gallery_autore ALTER COLUMN codice ADD GENERATED BY DEFAULT AS IDENTITY (
    SEQUENCE NAME public.gallery_autore_codice_seq
    START WITH 1
    INCREMENT BY 1
    NO MINVALUE
    NO MAXVALUE
    CACHE 1
);


--
-- Name: gallery_opera; Type: TABLE; Schema: public; Owner: museo_user
--

CREATE TABLE public.gallery_opera (
    codice integer NOT NULL,
    titolo character varying(120) NOT NULL,
    anno_acquisto smallint NOT NULL,
    anno_realizzazione smallint NOT NULL,
    tipo character varying(8) NOT NULL,
    immagine character varying(100),
    autore_id integer NOT NULL,
    esposta_in_sala_id integer,
    CONSTRAINT gallery_opera_anno_acquisto_check CHECK ((anno_acquisto >= 0)),
    CONSTRAINT gallery_opera_anno_realizzazione_check CHECK ((anno_realizzazione >= 0))
);


ALTER TABLE public.gallery_opera OWNER TO museo_user;

--
-- Name: gallery_opera_codice_seq; Type: SEQUENCE; Schema: public; Owner: museo_user
--

ALTER TABLE public.gallery_opera ALTER COLUMN codice ADD GENERATED BY DEFAULT AS IDENTITY (
    SEQUENCE NAME public.gallery_opera_codice_seq
    START WITH 1
    INCREMENT BY 1
    NO MINVALUE
    NO MAXVALUE
    CACHE 1
);


--
-- Name: gallery_sala; Type: TABLE; Schema: public; Owner: museo_user
--

CREATE TABLE public.gallery_sala (
    numero integer NOT NULL,
    nome character varying(60) NOT NULL,
    superficie integer NOT NULL,
    tema_id integer,
    CONSTRAINT gallery_sala_superficie_check CHECK ((superficie >= 0))
);


ALTER TABLE public.gallery_sala OWNER TO museo_user;

--
-- Name: gallery_sala_numero_seq; Type: SEQUENCE; Schema: public; Owner: museo_user
--

ALTER TABLE public.gallery_sala ALTER COLUMN numero ADD GENERATED BY DEFAULT AS IDENTITY (
    SEQUENCE NAME public.gallery_sala_numero_seq
    START WITH 1
    INCREMENT BY 1
    NO MINVALUE
    NO MAXVALUE
    CACHE 1
);


--
-- Name: gallery_tema; Type: TABLE; Schema: public; Owner: museo_user
--

CREATE TABLE public.gallery_tema (
    codice integer NOT NULL,
    descrizione text NOT NULL
);


ALTER TABLE public.gallery_tema OWNER TO museo_user;

--
-- Name: gallery_tema_codice_seq; Type: SEQUENCE; Schema: public; Owner: museo_user
--

ALTER TABLE public.gallery_tema ALTER COLUMN codice ADD GENERATED BY DEFAULT AS IDENTITY (
    SEQUENCE NAME public.gallery_tema_codice_seq
    START WITH 1
    INCREMENT BY 1
    NO MINVALUE
    NO MAXVALUE
    CACHE 1
);


--
-- Data for Name: auth_group; Type: TABLE DATA; Schema: public; Owner: museo_user
--

COPY public.auth_group (id, name) FROM stdin;
\.


--
-- Data for Name: auth_group_permissions; Type: TABLE DATA; Schema: public; Owner: museo_user
--

COPY public.auth_group_permissions (id, group_id, permission_id) FROM stdin;
\.


--
-- Data for Name: auth_permission; Type: TABLE DATA; Schema: public; Owner: museo_user
--

COPY public.auth_permission (id, name, content_type_id, codename) FROM stdin;
1	Can add log entry	1	add_logentry
2	Can change log entry	1	change_logentry
3	Can delete log entry	1	delete_logentry
4	Can view log entry	1	view_logentry
5	Can add permission	2	add_permission
6	Can change permission	2	change_permission
7	Can delete permission	2	delete_permission
8	Can view permission	2	view_permission
9	Can add group	3	add_group
10	Can change group	3	change_group
11	Can delete group	3	delete_group
12	Can view group	3	view_group
13	Can add user	4	add_user
14	Can change user	4	change_user
15	Can delete user	4	delete_user
16	Can view user	4	view_user
17	Can add content type	5	add_contenttype
18	Can change content type	5	change_contenttype
19	Can delete content type	5	delete_contenttype
20	Can view content type	5	view_contenttype
21	Can add session	6	add_session
22	Can change session	6	change_session
23	Can delete session	6	delete_session
24	Can view session	6	view_session
25	Can add autore	7	add_autore
26	Can change autore	7	change_autore
27	Can delete autore	7	delete_autore
28	Can view autore	7	view_autore
29	Can add opera	8	add_opera
30	Can change opera	8	change_opera
31	Can delete opera	8	delete_opera
32	Can view opera	8	view_opera
33	Can add sala	9	add_sala
34	Can change sala	9	change_sala
35	Can delete sala	9	delete_sala
36	Can view sala	9	view_sala
37	Can add tema	10	add_tema
38	Can change tema	10	change_tema
39	Can delete tema	10	delete_tema
40	Can view tema	10	view_tema
\.


--
-- Data for Name: auth_user; Type: TABLE DATA; Schema: public; Owner: museo_user
--

COPY public.auth_user (id, password, last_login, is_superuser, username, first_name, last_name, email, is_staff, is_active, date_joined) FROM stdin;
1	pbkdf2_sha256$720000$bHavc3g7P93n5oJ9POeIEy$IDssm2H/vDfuxFN+mTJJzzgy2uBNCpdzljVvRzH6GS0=	2025-08-04 17:32:28.224666+02	t	Utente			m.codazzi3@studenti.unibg.it	t	t	2025-08-04 17:10:41.296537+02
\.


--
-- Data for Name: auth_user_groups; Type: TABLE DATA; Schema: public; Owner: museo_user
--

COPY public.auth_user_groups (id, user_id, group_id) FROM stdin;
\.


--
-- Data for Name: auth_user_user_permissions; Type: TABLE DATA; Schema: public; Owner: museo_user
--

COPY public.auth_user_user_permissions (id, user_id, permission_id) FROM stdin;
\.


--
-- Data for Name: django_admin_log; Type: TABLE DATA; Schema: public; Owner: museo_user
--

COPY public.django_admin_log (id, action_time, object_id, object_repr, action_flag, change_message, content_type_id, user_id) FROM stdin;
1	2025-08-04 17:33:15.88346+02	24	Barocco	2	[{"changed": {"fields": ["Descrizione"]}}]	10	1
2	2025-08-07 15:26:00.665569+02	41	Romanticismo	1	[{"added": {}}]	10	1
3	2025-08-07 15:29:01.897628+02	42	Impressionismo	1	[{"added": {}}]	10	1
4	2025-08-07 15:29:08.52597+02	43	Cubismo	1	[{"added": {}}]	10	1
5	2025-08-07 15:29:15.327325+02	44	Surrealismo	1	[{"added": {}}]	10	1
6	2025-08-07 15:29:23.408877+02	45	Futurismo	1	[{"added": {}}]	10	1
7	2025-08-07 15:29:30.654897+02	46	Espressionismo	1	[{"added": {}}]	10	1
8	2025-08-07 15:29:38.133869+02	47	Realismo	1	[{"added": {}}]	10	1
9	2025-08-07 15:29:43.872907+02	48	Brutalismo	1	[{"added": {}}]	10	1
10	2025-08-07 15:29:49.850571+02	49	Barocco	1	[{"added": {}}]	10	1
11	2025-08-07 15:29:56.380847+02	50	Minimalismo	1	[{"added": {}}]	10	1
12	2025-08-07 15:30:11.471286+02	51	Pop Art	1	[{"added": {}}]	10	1
13	2025-08-07 15:30:30.669796+02	41	Romanticismo	3		10	1
14	2025-08-07 15:30:30.669796+02	40	finire	3		10	1
15	2025-08-07 15:30:30.669796+02	39	lungo	3		10	1
16	2025-08-07 15:30:30.683973+02	38	limitare	3		10	1
17	2025-08-07 15:30:30.683973+02	37	buio	3		10	1
18	2025-08-07 15:30:30.689541+02	36	valere	3		10	1
19	2025-08-07 15:30:30.693685+02	35	prossimo	3		10	1
20	2025-08-07 15:30:30.693685+02	34	unire	3		10	1
21	2025-08-07 15:30:30.70084+02	33	tenere	3		10	1
\.


--
-- Data for Name: django_content_type; Type: TABLE DATA; Schema: public; Owner: museo_user
--

COPY public.django_content_type (id, app_label, model) FROM stdin;
1	admin	logentry
2	auth	permission
3	auth	group
4	auth	user
5	contenttypes	contenttype
6	sessions	session
7	gallery	autore
8	gallery	opera
9	gallery	sala
10	gallery	tema
\.


--
-- Data for Name: django_migrations; Type: TABLE DATA; Schema: public; Owner: museo_user
--

COPY public.django_migrations (id, app, name, applied) FROM stdin;
1	contenttypes	0001_initial	2025-08-04 16:48:26.366691+02
2	auth	0001_initial	2025-08-04 16:48:26.470964+02
3	admin	0001_initial	2025-08-04 16:48:26.488042+02
4	admin	0002_logentry_remove_auto_add	2025-08-04 16:48:26.502573+02
5	admin	0003_logentry_add_action_flag_choices	2025-08-04 16:48:26.505385+02
6	contenttypes	0002_remove_content_type_name	2025-08-04 16:48:26.520332+02
7	auth	0002_alter_permission_name_max_length	2025-08-04 16:48:26.527776+02
8	auth	0003_alter_user_email_max_length	2025-08-04 16:48:26.538855+02
9	auth	0004_alter_user_username_opts	2025-08-04 16:48:26.538855+02
10	auth	0005_alter_user_last_login_null	2025-08-04 16:48:26.550605+02
11	auth	0006_require_contenttypes_0002	2025-08-04 16:48:26.550605+02
12	auth	0007_alter_validators_add_error_messages	2025-08-04 16:48:26.550605+02
13	auth	0008_alter_user_username_max_length	2025-08-04 16:48:26.567158+02
14	auth	0009_alter_user_last_name_max_length	2025-08-04 16:48:26.567158+02
15	auth	0010_alter_group_name_max_length	2025-08-04 16:48:26.581023+02
16	auth	0011_update_proxy_permissions	2025-08-04 16:48:26.581023+02
17	auth	0012_alter_user_first_name_max_length	2025-08-04 16:48:26.596804+02
18	gallery	0001_initial	2025-08-04 16:48:26.644318+02
19	sessions	0001_initial	2025-08-04 16:48:26.660406+02
\.


--
-- Data for Name: django_session; Type: TABLE DATA; Schema: public; Owner: museo_user
--

COPY public.django_session (session_key, session_data, expire_date) FROM stdin;
qd3i5mn30v2wr03tsp0yosa3fe364mos	.eJxVjMsOgjAUBf-la9PQx5Xi0r3fQO4LixqaUFgZ_11IWOh2Zs55mx7XJfdr1bkfxVyMM6dfRshPnXYhD5zuxXKZlnkkuyf2sNXeiujrerR_Bxlr3taELWNgcChJSDoIg2-iakzMPgKnjsS7xik2pDRsAOCcIktHoY0E5vMFD0U4uA:1uiwqi:p4IQeFZHx9CIVydwlpBaIKpSKPY_7BQtX0Ed4cZ5wX0	2025-08-18 17:11:40.984552+02
lxmvzccn5nbulutzs5b4478v1qyu5e3n	.eJxVjMsOgjAUBf-la9PQx5Xi0r3fQO4LixqaUFgZ_11IWOh2Zs55mx7XJfdr1bkfxVyMM6dfRshPnXYhD5zuxXKZlnkkuyf2sNXeiujrerR_Bxlr3taELWNgcChJSDoIg2-iakzMPgKnjsS7xik2pDRsAOCcIktHoY0E5vMFD0U4uA:1uixAq:DBQi_6vtR6rfsw_MkMB0lHCqjrpsIL1WAxUAxmdwkcA	2025-08-18 17:32:28.224666+02
\.


--
-- Data for Name: gallery_autore; Type: TABLE DATA; Schema: public; Owner: museo_user
--

COPY public.gallery_autore (codice, nome, cognome, nazione, data_nascita, tipo, data_morte) FROM stdin;
201	Sole	Cugia	IT	1959-07-29	morto	2021-07-13
202	Vittoria	Foscari	IT	1990-08-31	vivo	\N
203	Nicola	Gotti	IT	1989-09-03	morto	2025-01-11
204	Veronica	Gori	IT	1967-01-31	morto	2025-04-20
205	Marisa	Antonello	IT	1976-10-24	morto	2024-09-26
206	Fabrizio	Castiglione	IT	1968-03-19	morto	2025-04-09
207	Nicoletta	Mattarella	IT	1981-01-15	morto	2024-11-25
208	Eliana	Barbarigo	IT	1961-08-10	morto	2011-07-29
209	Carolina	Vanvitelli	IT	1959-05-16	vivo	\N
210	Paolo	Boccioni	IT	1977-02-17	morto	2025-03-22
211	Griselda	Federico	IT	1934-11-18	vivo	\N
212	Vanessa	Bonanno	IT	1957-09-07	vivo	\N
213	Milena	Schicchi	IT	1974-02-03	vivo	\N
214	Isa	Palazzo	IT	1968-03-13	morto	2024-10-04
215	Graziano	Comencini	IT	1951-03-17	vivo	\N
216	Silvia	Traetta	IT	1944-06-22	morto	2021-06-03
217	Graziella	Monduzzi	IT	1977-05-04	vivo	\N
218	Gilberto	Omma	IT	1935-06-16	vivo	\N
219	Maria	Rossellini	IT	1937-05-16	vivo	\N
220	Luisa	Venturi	IT	1960-11-12	morto	2024-12-05
221	Arnulfo	Treccani	IT	1965-10-19	morto	2025-01-10
222	Baldassare	Romiti	IT	1982-04-25	vivo	\N
223	Giorgia	Rapisardi	IT	1951-01-10	morto	2014-12-25
224	Antonio	Rienzo	IT	1967-10-02	morto	2025-06-05
225	Girolamo	Cabrini	IT	1979-04-24	morto	2024-09-03
226	Gianpaolo	Antonetti	IT	1945-09-06	morto	2024-09-08
227	Romolo	Padovano	IT	1991-05-22	morto	2025-05-22
228	Rosario	Guglielmi	IT	1950-08-25	vivo	\N
229	Ranieri	Botticelli	IT	1939-06-30	vivo	\N
230	Mattia	Totino	IT	1958-03-16	vivo	\N
231	Toni	Scalera	IT	1941-02-10	morto	2020-01-22
232	Flavia	Tomasetti	IT	1971-05-20	vivo	\N
233	Claudio	Niscoromni	IT	1953-07-08	vivo	\N
234	Adele	Ferrante	IT	1979-08-25	vivo	\N
235	Emma	Rossini	IT	1955-04-18	morto	2018-04-02
236	Angelica	Ritacca	IT	1970-04-16	vivo	\N
237	Romolo	Boitani	IT	1985-04-25	vivo	\N
238	Giuliana	Carullo	IT	1935-11-11	vivo	\N
239	Vincenzo	Pacillo	IT	1973-01-08	vivo	\N
240	Raffaella	Malenchini	IT	1976-04-12	vivo	\N
241	Olga	Casaleggio	IT	1952-03-08	morto	2006-02-23
242	Renata	Totino	IT	1941-06-24	morto	2024-08-23
243	Bianca	Morandini	IT	1988-02-10	vivo	\N
244	Licia	Sorrentino	IT	1949-03-08	morto	2017-02-19
245	Loretta	Fornaciari	IT	1943-04-03	vivo	\N
246	Arturo	Bertoli	IT	1951-05-17	vivo	\N
247	Nedda	Salandra	IT	1974-02-14	morto	2024-11-29
248	Eraldo	Pizziol	IT	1951-03-20	vivo	\N
249	Fulvio	Brenna	IT	1948-10-25	morto	2018-10-08
250	Gemma	Zamengo	IT	1989-04-15	morto	2024-12-25
251	Massimo	Chiaramonte	IT	1982-01-04	vivo	\N
252	Donna	Vercelloni	IT	1936-11-04	vivo	\N
253	Marta	Bombieri	IT	1978-03-03	morto	2024-12-24
254	Liliana	Pincherle	IT	1966-12-06	vivo	\N
255	Livio	Acerbi	IT	1972-02-12	vivo	\N
256	Biagio	Binaghi	IT	1981-09-18	morto	2025-05-17
257	Umberto	Galvani	IT	1974-10-05	vivo	\N
258	Fredo	Cimarosa	IT	1953-11-18	morto	2021-11-01
259	Cirillo	Martucci	IT	1990-01-19	morto	2025-06-25
260	Caterina	Lombardo	IT	1969-09-10	vivo	\N
261	Gemma	Monicelli	IT	1941-03-27	morto	1997-03-13
262	Ezio	Mozart	IT	1954-09-30	morto	2007-09-17
263	Graziano	Vattimo	IT	1935-03-15	morto	1997-02-27
264	Baldassare	Liguori	IT	1940-11-30	vivo	\N
265	Fiorenzo	Botticelli	IT	1994-03-21	morto	2025-06-18
266	Carmelo	Lamborghini	IT	1950-09-14	vivo	\N
267	Concetta	Finotto	IT	1954-06-01	vivo	\N
268	Tiziana	Giannotti	IT	1990-03-25	vivo	\N
269	Gianfranco	Surian	IT	1971-05-28	vivo	\N
270	Luciano	Saffi	IT	1950-07-28	vivo	\N
271	Ugolino	Venier	IT	1980-11-02	morto	2025-03-05
272	Benito	Giannone	IT	1963-11-28	vivo	\N
273	Giacinto	Pisacane	IT	1943-12-02	vivo	\N
274	Paolo	Coppola	IT	1961-03-18	vivo	\N
275	Giuliana	Bottigliero	IT	1939-06-30	vivo	\N
276	Donatello	Sanguineti	IT	1953-02-02	morto	2006-01-20
277	Agnolo	Pavanello	IT	1938-09-20	morto	1999-09-05
278	Silvestro	Fabrizi	IT	1974-01-23	vivo	\N
279	Amanda	Siffredi	IT	1989-01-31	morto	2024-08-27
280	Luigina	Moresi	IT	1992-02-09	morto	2024-11-22
281	Loredana	Toninelli	IT	1935-08-13	vivo	\N
282	Arnaldo	Fagotto	IT	1991-08-03	morto	2024-11-14
283	Saverio	Zacco	IT	1980-05-28	vivo	\N
284	Nino	Baresi	IT	1966-02-23	vivo	\N
285	Alina	Cadorna	IT	1953-09-30	vivo	\N
286	Aldo	Bocca	IT	1971-11-02	morto	2024-12-04
287	Monica	Ottino	IT	1982-03-04	vivo	\N
288	Antonina	Toninelli	IT	1985-02-17	vivo	\N
289	Jacopo	Ruffini	IT	1974-07-09	morto	2024-09-17
290	Fiamma	Vittadello	IT	1978-02-19	vivo	\N
291	Loredana	Santoro	IT	1961-05-15	vivo	\N
292	Piergiorgio	Tagliafierro	IT	1954-11-02	morto	2025-05-13
293	Giampiero	Cherubini	IT	1992-05-09	morto	2025-06-09
294	Geronimo	Vismara	IT	1967-02-11	morto	2025-06-11
295	Giacomo	Collina	IT	1938-10-14	morto	2022-09-23
296	Romana	Serlupi	IT	1938-11-13	vivo	\N
297	Patrizia	Martinelli	IT	1969-09-06	morto	2024-10-26
298	Sebastiano	Sgarbi	IT	1965-05-17	vivo	\N
299	Marina	Zeffirelli	IT	1955-05-29	vivo	\N
301	Claude	Monet	FR	1983-02-09	vivo	\N
300	Simone	Sinisi	IT	1960-05-23	morto	2022-05-08
\.


--
-- Data for Name: gallery_opera; Type: TABLE DATA; Schema: public; Owner: museo_user
--

COPY public.gallery_opera (codice, titolo, anno_acquisto, anno_realizzazione, tipo, immagine, autore_id, esposta_in_sala_id) FROM stdin;
2003	Aiuto ognuno costringere cosa.	1984	1976	Scultura		261	21
2004	Signorina troppo sede contenere.	2002	1981	Scultura		261	21
2005	Immaginare avvocato.	1987	1983	Quadro		258	\N
2006	Pesare cittadino.	2016	2008	Scultura		273	30
2007	Italiano divertire.	1994	1993	Scultura		220	28
2008	Controllo scendere.	2021	2021	Scultura		270	\N
2009	Scendere seguire.	2020	2010	Scultura		254	23
2010	Sereno bruciare.	2023	1988	Quadro		274	27
2011	Notte altro.	2023	2014	Quadro		292	27
2012	Ricordare giudizio.	2012	2000	Quadro		289	\N
2013	Camminare stabilire capo.	2024	2022	Scultura		295	25
2014	Ampio arma origine.	2003	2000	Scultura		300	\N
2015	Davanti storia sangue.	2013	2001	Quadro		299	23
2016	Luna almeno don.	2022	2000	Quadro		291	21
2017	Eh mentre.	2000	1994	Scultura		300	21
2018	Primo distruggere.	2015	2012	Scultura		287	23
2019	Assumere spesa zia ordine.	2015	2011	Scultura		209	26
2020	Comprendere.	2021	2020	Quadro		254	\N
2021	Appena metro dito.	1992	1984	Scultura		231	\N
2022	Stampa girare.	2012	2005	Scultura		262	28
2023	Oro minuto qui.	2015	1997	Quadro		254	\N
2024	Storico.	2025	2021	Quadro		294	30
2025	Cosa ritornare volere.	2016	2012	Quadro		250	24
2026	Cambiare collina nudo gioia.	2018	1972	Quadro		296	30
2027	Ospedale notte.	2025	2024	Scultura		282	28
2028	Molto immaginare.	2013	2009	Scultura		279	25
2029	Qualunque uscire quello.	2025	2008	Quadro		239	27
2030	Da base.	2024	2021	Quadro		252	30
2031	Uno rosso secolo esprimere.	2014	2011	Quadro		202	\N
2032	Lettera altro parlare.	2024	2008	Scultura		254	\N
2033	Gioia corpo sapere.	2019	1987	Quadro		204	\N
2034	Amico titolo profondo.	1990	1972	Scultura		281	\N
2035	Moglie uguale costruzione.	2013	2001	Scultura		232	\N
2036	Genere.	2025	2016	Quadro		210	30
2037	Colpa fenomeno.	2016	2008	Quadro		225	\N
2038	Vita tavola cane.	2011	1999	Quadro		289	27
2039	Comodo dovere chiaro.	2019	1996	Scultura		276	\N
2040	Polizia perciò.	2022	2017	Quadro		286	28
2041	Filo decisione.	2021	2017	Quadro		237	\N
2042	Eppure attendere prevedere considerare.	2025	2021	Quadro		299	\N
2043	Letto chiamare ma saltare.	1999	1984	Quadro		270	\N
2044	Finire udire.	2024	2011	Quadro		203	23
2045	Guardare impressione libertà.	2024	2023	Scultura		237	\N
2046	Caso permettere.	2003	1990	Scultura		261	\N
2047	Ah macchina certo.	2022	2021	Scultura		214	\N
2048	Conoscenza contenere ricordare.	2024	2014	Scultura		245	\N
2049	Fondare.	2025	2017	Quadro		287	28
2050	Coloro tuo.	2015	2011	Scultura		227	21
2051	Crescere cielo.	2016	1983	Scultura		277	29
2052	Sembrare giocare rimettere uguale.	1997	1982	Quadro		241	27
2053	Chiaro maestro.	1994	1981	Quadro		277	\N
2054	Ah dare voce veramente.	2018	2018	Quadro		272	\N
2055	Lo rappresentare indicare.	2014	2014	Scultura		218	22
2056	Massimo macchina.	2018	2014	Scultura		238	\N
2057	Bisognare personale.	2013	2010	Quadro		214	21
2058	Spingere don.	2019	2017	Scultura		278	24
2059	Esistere aggiungere.	2000	1983	Quadro		300	21
2060	Condurre giardino.	2018	1973	Scultura		266	25
2061	Il luogo.	1982	1973	Scultura		231	\N
2062	Invitare riferire.	2021	2003	Quadro		234	22
2063	Giornale letto.	2020	2016	Quadro		288	\N
2064	Levare mondo.	2025	2024	Scultura		282	24
2065	Stringere stanco viaggio.	2024	2018	Quadro		207	24
2066	Gioco riguardare.	2024	2024	Scultura		225	25
2067	Loro nazione ripetere.	2025	2025	Scultura		291	\N
2068	O assai.	2025	2024	Quadro		226	\N
2069	Rimettere dentro.	2013	1993	Scultura		235	29
2070	Caffè.	2025	2015	Scultura		213	29
2071	Vicino compiere.	2008	2005	Scultura		230	22
2072	Affare lato linea quasi.	2025	2025	Scultura		269	26
2073	Industriale da.	2009	1993	Quadro		277	\N
2074	Soprattutto fiume.	1999	1994	Scultura		299	21
2075	Loro vento o maniera.	2025	2019	Quadro		250	26
2076	Indietro fresco.	2005	2005	Scultura		237	22
2077	Impossibile classe dividere.	2023	2021	Quadro		296	\N
2078	Arma durante.	2023	2015	Scultura		282	\N
2079	Avanzare formare periodo.	2003	1990	Scultura		284	\N
2080	Sotto verso contro.	2003	2000	Quadro		234	\N
2081	Soprattutto solo.	2024	2007	Quadro		213	25
2082	Accanto passato difendere noi.	1981	1959	Scultura		277	21
2083	Assai quarto scoppiare.	2024	2021	Scultura		279	23
2084	Sentimento probabilmente quale.	1995	1982	Quadro		223	\N
2085	Spingere romano cattolico stato.	2020	2019	Quadro		234	\N
2086	Gamba verità rispondere.	2016	1999	Quadro		230	29
2087	Stabilire andare loro.	2024	2017	Scultura		215	24
2088	Ammazzare cultura sangue.	2025	2017	Scultura		227	\N
2089	Forza attenzione tranquillo dipendere.	2023	2003	Scultura		224	25
2090	Sperare principale.	2015	2007	Scultura		253	27
2091	Li stare recare.	2014	1994	Scultura		298	21
2092	Leggero persona medesimo.	2022	2022	Quadro		230	30
2093	Attività morte cane.	2015	2011	Quadro		232	30
2094	Scoppiare fumare.	2003	1998	Scultura		267	30
2095	Straordinario medio.	2008	2000	Quadro		239	\N
2096	Muovere oppure.	2016	2012	Quadro		266	29
2097	Disposizione voi prossimo.	2014	1980	Quadro		296	\N
2098	Nero testa intenzione.	2004	1996	Quadro		284	25
2099	Carta condizione annunciare.	2022	1995	Quadro		254	25
2100	Contatto risolvere spingere.	2014	1994	Scultura		294	24
2101	Servizio effetto imparare.	2010	1981	Quadro		212	\N
2102	Ognuno tavola muro.	2017	2017	Scultura		219	22
2103	Fuggire tavolo.	1981	1978	Quadro		262	\N
2104	Regione.	2018	1987	Quadro		277	23
2105	Intanto difendere.	2024	2023	Scultura		211	23
2106	Viaggio.	2008	2007	Scultura		278	23
2107	Offendere latino uguale.	2020	2012	Quadro		294	\N
2108	Leggero colore oro.	1985	1971	Quadro		295	24
2109	Nascondere estero.	1977	1966	Quadro		219	\N
2110	Ogni principio.	2018	2006	Quadro		288	27
2111	Aspettare operaio innamorare.	1991	1976	Quadro		219	25
2112	Fumare capitare.	2023	2004	Scultura		217	25
2113	Lanciare colpo repubblica.	2021	1991	Scultura		208	26
2114	Avanti fede.	2021	2011	Scultura		210	25
2115	Poco rispondere.	2023	2019	Quadro		265	\N
2116	Entrare fumare impossibile.	2013	2003	Scultura		253	\N
2117	Relazione chiave.	1983	1981	Quadro		296	29
2118	Sorridere giorno professore.	2024	1995	Quadro		262	29
2119	Stabilire.	2006	1988	Scultura		246	\N
2120	Perdere stamattina superare.	2015	2015	Quadro		291	28
2121	Mondo oggi.	2017	2017	Scultura		243	\N
2122	Autorità fumare affrontare.	2025	2024	Scultura		296	25
2123	Macchina sala nemico.	2020	2017	Scultura		222	22
2124	Direzione udire scomparire.	2020	2004	Quadro		253	23
2125	Collina pace.	2003	1991	Quadro		209	\N
2126	Colpire legge.	2020	2006	Scultura		272	\N
2127	A diventare.	2025	2023	Quadro		280	\N
2128	Letto riportare spesso.	2020	2009	Scultura		297	25
2129	Tendere scappare potere.	2017	1979	Quadro		223	25
2130	Filo soffrire.	2021	2012	Quadro		286	28
2131	Provocare cominciare.	2016	2014	Quadro		206	\N
2132	Oramai affatto.	2022	2021	Scultura		226	28
2133	Studiare bruciare.	2024	2018	Quadro		235	25
2134	Potenza speranza colpire fianco.	1999	1996	Scultura		297	25
2135	Forma.	2018	2000	Quadro		247	\N
2136	Si.	2014	2002	Quadro		236	\N
2137	Straniero soffrire imporre.	2023	2000	Quadro		235	28
2138	Governo compagnia lungo.	1998	1997	Quadro		208	24
2139	Quarto insomma volontà.	2017	1971	Scultura		245	\N
2140	Servizio stringere dichiarare.	2024	2012	Scultura		203	24
2141	Costringere condurre raccontare.	1960	1959	Scultura		275	22
2142	Intero presto patria.	2011	1993	Scultura		235	21
2143	Procedere cambiare necessario.	2015	2012	Quadro		274	\N
2144	Pure labbro costruire.	2022	2022	Scultura		205	\N
2145	Forza scoppiare ascoltare.	2023	2019	Quadro		293	28
2146	Lavoro dire.	2015	1989	Quadro		230	23
2147	Nessuno scherzare dolce.	2018	2010	Scultura		268	22
2148	Prezzo scrittore.	2022	1997	Quadro		281	30
2149	Sonno commissione.	2025	2006	Scultura		225	24
2150	Opera voglia risposta.	2023	2022	Quadro		298	25
2151	Numeroso provare.	2022	1998	Scultura		213	21
2152	Trascinare conoscere fianco.	2021	2009	Scultura		257	\N
2153	Istante spesa.	2022	2014	Scultura		233	27
2154	Pagina storico cittadino.	2025	2024	Quadro		278	27
2155	Esperienza fronte partito.	2007	1997	Scultura		248	28
2156	Ieri signora.	2024	2023	Scultura		221	\N
2157	Religioso trascinare.	1999	1994	Quadro		272	21
2158	Iniziare cosa.	1989	1988	Quadro		231	26
2159	Su vicino vincere sforzo.	2023	2021	Scultura		226	26
2160	Verso capo opporre comporre.	2024	2015	Scultura		278	24
2161	Fissare preoccupare.	2023	1993	Quadro		262	22
2162	Imporre muro.	2021	2007	Scultura		237	26
2163	Speranza civile.	1982	1978	Quadro		230	\N
2164	Aspetto valere attraversare.	2022	2021	Quadro		280	\N
2165	Generale cioè.	2019	2007	Quadro		298	28
2166	Posizione recare tono.	2020	2011	Quadro		294	\N
2167	Ieri quello.	2019	1991	Scultura		294	24
2168	Inverno spiegare.	2022	2021	Quadro		252	30
2169	Lettera collina famiglia.	2006	2003	Scultura		271	\N
2170	Ognuno rimettere.	2018	2009	Scultura		201	\N
2171	Divertire bosco.	2025	2021	Scultura		282	24
2172	Disposizione lei.	1995	1992	Quadro		252	26
2173	Maggiore metro rivelare.	2024	2023	Quadro		270	29
2174	Chi strada.	2014	2013	Quadro		271	\N
2175	Sbagliare chi bambino stupido.	1998	1996	Scultura		221	\N
2176	Che padre rifiutare.	2023	2021	Quadro		256	29
2177	Libro.	2004	1974	Scultura		273	23
2178	Sembrare rispondere un.	2016	2007	Quadro		249	24
2179	Esempio via.	2007	1998	Scultura		214	24
2180	Voglia.	2021	1993	Scultura		232	\N
2181	Creare musica.	1983	1978	Scultura		292	22
2182	Attesa.	2023	1992	Quadro		292	\N
2183	Quindi profondo momento.	2020	1999	Quadro		239	22
2184	Insomma contrario.	2016	1991	Scultura		254	\N
2185	Inglese speciale.	2023	2021	Scultura		232	25
2186	Attuale vendere.	2021	2010	Quadro		229	23
2187	Dare occasione continuo.	2024	2020	Quadro		280	29
2188	Compagno.	2024	2020	Quadro		255	\N
2189	Brutto francese.	2020	2016	Quadro		250	22
2190	Dolce colpa opinione impossibile.	2021	2010	Scultura		283	\N
2191	Osservare sorprendere vista.	2024	2011	Quadro		297	26
2192	Numero possibile.	2025	2000	Scultura		216	\N
2193	Testa recare.	2021	2020	Quadro		243	22
2194	Albero mondo.	2015	1998	Quadro		241	\N
2195	Espressione.	2015	1960	Scultura		275	\N
2196	Battaglia difficile immaginare.	2013	1982	Scultura		229	23
2197	Forza.	2018	1985	Quadro		216	25
2198	Armare giustizia.	2020	2017	Quadro		289	23
2199	Minimo.	2024	1992	Scultura		212	21
2200	Animale ma tono mandare.	2011	2009	Scultura		243	\N
2201	Brutto.	2010	2010	Quadro		245	30
2202	Dichiarare sera.	2016	2010	Quadro		291	29
2203	Dio carattere piccolo bagno.	2018	2018	Scultura		298	26
2204	Dio spiegare professore.	2022	1964	Quadro		263	26
2205	Parere attimo.	2021	2021	Quadro		257	25
2206	Via niente nazionale viso.	2011	2006	Quadro		274	30
2207	Sistema.	2020	2016	Scultura		293	27
2208	Figlia staccare.	2007	1969	Quadro		277	29
2209	Vista magari.	2018	2003	Scultura		257	27
2210	Accordo limite.	2023	2021	Scultura		247	25
2211	Piuttosto battaglia oggetto.	2019	2002	Scultura		271	\N
2212	Disporre contento pianura.	2025	2015	Quadro		254	22
2213	Aiuto bene vedere levare.	1997	1995	Quadro		267	21
2214	Soltanto cercare regione.	2014	2006	Quadro		254	22
2215	Motivo.	2024	2022	Scultura		253	22
2216	Staccare cosa dinanzi.	2023	2017	Scultura		288	21
2217	Recente sicurezza.	2024	2022	Scultura		287	25
2218	Corpo escludere.	2017	1988	Quadro		267	22
2219	Cristiano.	2009	2003	Quadro		228	30
2220	Libertà.	2020	1997	Scultura		242	\N
2221	Compagnia coscienza tecnico.	2021	1986	Quadro		274	30
2222	Odore vento destino occasione.	2025	2024	Scultura		210	28
2223	Figlio normale.	2024	2006	Scultura		258	28
2224	Principio dolore avanzare.	2020	1976	Quadro		292	25
2225	Dare concedere.	2021	2013	Quadro		203	23
2226	Malattia metà arrivare.	2002	1996	Scultura		284	\N
2227	Ridurre confronto.	2025	2025	Quadro		234	\N
2228	Ministro distanza odore.	2020	2014	Scultura		260	\N
2229	Salvare comporre sicuro.	2007	2003	Quadro		241	23
2230	Ritornare condurre.	2014	2007	Scultura		233	22
2231	Ascoltare gettare.	2025	2021	Scultura		282	28
2232	Sguardo numero potere.	2021	2005	Quadro		299	\N
2233	Pena.	2025	1987	Scultura		281	27
2234	Esame domanda cadere discutere.	2004	1999	Scultura		225	24
2235	Si conoscere o.	2023	2023	Quadro		207	28
2236	Distruggere voce segretario.	2010	2003	Scultura		290	\N
2237	Guidare attenzione imparare.	2020	1978	Quadro		267	26
2238	Nave.	2023	1995	Quadro		221	29
2239	Prossimo ringraziare simile.	2024	2021	Scultura		299	\N
2240	Dimostrare venire levare.	2025	2017	Quadro		290	21
2241	Come attaccare esso.	1978	1974	Quadro		219	24
2242	Fatica dividere.	2020	2011	Quadro		268	\N
2243	Argomento massimo.	2004	2001	Scultura		248	\N
2244	Comporre.	1984	1975	Quadro		246	\N
2245	Studiare strumento.	2013	2011	Quadro		244	23
2246	Lato padrone luce.	2024	2018	Scultura		300	23
2247	Assumere montagna.	2021	2018	Quadro		292	23
2248	Vuoto finire articolo.	2014	1987	Quadro		277	\N
2249	Regione sperare presentare.	2006	2006	Quadro		287	\N
2250	Superiore.	1995	1955	Scultura		263	30
2251	Creare odore provocare.	2022	2021	Scultura		250	\N
2252	Nudo comodo dente.	2001	2000	Quadro		258	28
2253	Contatto piacere lì.	2022	1996	Quadro		233	24
2254	Bellezza intendere attraversare.	2016	1998	Quadro		244	22
2255	Tardi avanzare.	1989	1981	Quadro		215	24
2256	Appoggiare ampio tranquillo.	2001	1997	Quadro		235	21
2257	Provare odore.	2021	1992	Scultura		274	24
2258	Luce anima morte.	2025	2025	Scultura		217	25
2259	Lei trattare braccio.	2011	2009	Quadro		243	23
2260	Diritto amare titolo.	2012	2007	Quadro		278	26
2261	Vi piede pezzo.	2005	2005	Quadro		224	27
2262	Paese chiamare ci.	2020	2020	Quadro		268	\N
2263	Grazia battaglia.	2022	2021	Scultura		284	27
2264	Uno piacere domandare.	2017	2005	Scultura		251	21
2265	Musica fra.	2003	1961	Scultura		295	27
2266	Zio albero presentare.	2023	2001	Quadro		294	25
2267	Diventare interesse ne.	1997	1996	Scultura		289	28
2268	Letto processo armare.	2023	2010	Scultura		206	26
2269	Capace compiere.	2018	2014	Scultura		255	23
2270	Assoluto studiare affare.	2023	1990	Quadro		245	28
2271	Volere impossibile.	2020	2011	Quadro		227	\N
2272	Continuare stringere abbandonare.	2022	2019	Scultura		243	23
2273	Giocare fuori ritrovare.	2017	2008	Quadro		300	27
2274	Invece minuto dipendere.	2022	2021	Quadro		265	\N
2275	Romano in.	2018	2006	Quadro		298	30
2276	Domenica impossibile.	2023	2015	Quadro		232	26
2277	Onore morire rientrare.	2021	2020	Quadro		279	30
2278	Dirigere pronto.	2010	1992	Scultura		206	\N
2279	Vita operazione quarto ombra.	2016	2011	Scultura		222	\N
2280	Voi diffondere.	2023	2022	Scultura		247	24
2281	Come neppure.	2024	2023	Quadro		265	\N
2282	Foglia anzi.	2006	2000	Quadro		257	25
2283	Attento posare.	1974	1964	Quadro		252	21
2284	Capace chi.	2022	2013	Scultura		259	27
2285	Ognuno recare solo.	2022	2018	Quadro		264	27
2286	Attività.	2020	2004	Quadro		224	\N
2287	Argomento bagno anche.	2023	2009	Quadro		237	22
2288	Parlare albergo.	2013	2009	Scultura		243	28
2289	Produrre qualsiasi piano.	2025	2025	Scultura		259	\N
2290	Problema fresco piede.	2016	2016	Scultura		279	\N
2291	Poiché grosso.	1987	1986	Scultura		220	\N
2292	Unico uno.	1996	1969	Scultura		277	\N
2293	Comunque.	2015	2002	Quadro		222	29
2294	Favore libertà raccontare.	2024	2013	Quadro		230	23
2295	Dovere eccetera.	2018	2015	Quadro		202	29
2296	Scopo comunque perciò necessario.	2016	1994	Quadro		252	\N
2297	Inverno sicuro.	2025	2023	Scultura		271	25
2298	Immagine chiave lasciare.	2020	2016	Quadro		286	23
2299	Scomparire riuscire organizzare.	2014	1999	Scultura		232	27
2300	Macchina.	2002	1993	Quadro		263	26
2301	Idea proposta antico rendere.	2023	2018	Quadro		256	27
2302	Fissare fondo.	2013	2008	Scultura		210	30
2303	Anche alto don energia.	2018	2016	Scultura		225	30
2304	Migliore alzare.	2025	1972	Quadro		249	23
2305	Difficile.	2022	2020	Scultura		288	23
2306	Essa recente.	2024	2019	Quadro		247	22
2307	Recente antico.	2023	2013	Scultura		213	26
2308	Reale oltre fondo.	2010	1993	Quadro		298	\N
2309	Considerare famoso nudo.	2020	2016	Scultura		245	\N
2310	Nord.	2021	2008	Quadro		247	27
2311	Voi.	2012	2004	Scultura		214	28
2312	Studiare domandare stazione.	2021	2003	Scultura		283	23
2313	Punta.	2025	2019	Scultura		217	28
2314	Pronto dolore.	2025	2009	Scultura		224	25
2315	Risultare gioco continuare questo.	2003	1995	Scultura		273	26
2316	Diventare enorme.	1982	1976	Quadro		216	28
2317	Mostrare necessità.	2003	2000	Scultura		209	22
2318	Esporre risultare.	1999	1997	Scultura		247	30
2319	Calcio eppure domani.	2004	1997	Quadro		297	23
2320	Rivelare americano.	2015	2007	Quadro		230	\N
2321	Raccogliere difficoltà questo.	2014	1999	Quadro		257	\N
2322	Repubblica poiché.	2011	2009	Scultura		237	29
2323	Frutto gioco.	2017	2003	Scultura		284	\N
2324	Qua assai arrestare.	2017	2016	Scultura		280	24
2325	Infine distinguere ridurre.	2025	2015	Scultura		293	28
2326	Puro domandare.	2025	2003	Quadro		208	28
2327	Dunque vivo discutere.	2005	1994	Scultura		266	25
2328	Desiderio perché.	2011	1996	Scultura		223	23
2329	Senso ricco.	1969	1968	Scultura		277	25
2330	Marito dividere bellezza.	2013	2002	Quadro		255	\N
2331	Stabilire riguardare.	2008	2006	Quadro		254	28
2332	Elemento scena sociale buio.	2014	1999	Quadro		213	27
2333	Condurre epoca.	2018	2009	Scultura		221	27
2334	Qualcosa condizione.	2020	2020	Quadro		207	27
2335	Mettere.	2010	2007	Scultura		225	\N
2336	Rispondere.	2011	2005	Scultura		269	24
2337	Non tale.	2000	1999	Scultura		212	23
2338	Metro capire.	2024	2023	Scultura		265	30
2339	Porto lungo.	2022	2015	Quadro		281	\N
2340	Ricerca gatto.	2007	1998	Quadro		278	25
2341	Estremo trarre magari.	1991	1969	Scultura		231	30
2342	Poeta opinione.	1997	1997	Quadro		296	\N
2343	Coprire uomo.	2025	2025	Quadro		290	22
2344	Unire musica inglese.	2019	2014	Quadro		296	30
2345	Ministro leggere colpa.	1981	1960	Quadro		238	23
2346	Cambiare insegnare comporre.	2024	1988	Quadro		261	27
2347	Svegliare malattia professore.	2019	2005	Scultura		235	23
2348	Meritare argomento fondare automobile.	1999	1997	Scultura		291	22
2349	Inglese chiudere.	2025	2025	Scultura		237	\N
2350	Bellezza.	2007	1999	Quadro		253	22
2351	Stasera dito improvviso.	2025	2024	Scultura		230	28
2352	Passare raccogliere.	2012	2012	Scultura		205	\N
2353	Peggio giovanotto.	2014	2001	Quadro		213	21
2354	Certamente sala.	2016	1968	Scultura		218	27
2355	Oh lungo.	2008	2005	Quadro		237	28
2356	Valere desiderio.	2014	2004	Quadro		256	\N
2357	Abbastanza capire provincia.	2025	2023	Scultura		290	21
2358	Aspettare riportare teatro.	2023	1994	Scultura		214	\N
2359	Levare.	1985	1981	Scultura		300	27
2360	Qualità giustizia risultato.	2011	1998	Quadro		284	21
2361	Quindi impedire.	2019	2018	Quadro		243	\N
2362	Sorella papà fumare.	2021	2003	Scultura		270	28
2363	Fine fino formare.	1961	1960	Quadro		281	30
2364	Produzione essere.	2005	1996	Quadro		206	27
2365	Principale ogni chilometro.	2018	1981	Quadro		208	29
2366	Scusare dinanzi arrestare attenzione.	2008	2006	Quadro		274	26
2367	Operaio comporre giovane.	2021	2012	Quadro		259	\N
2368	Divertire orecchio costituire scuola.	2012	2007	Quadro		208	\N
2369	Pietà solo.	2006	2000	Scultura		289	\N
2370	Consentire cosa tuttavia sud.	2009	2003	Quadro		210	\N
2371	Pagare storico vario.	1980	1980	Scultura		258	22
2372	Regno generale riportare.	2014	2011	Scultura		251	\N
2373	Dente ragazzo.	2021	2021	Scultura		280	22
2374	Istituto prendere divertire.	2019	2006	Scultura		215	\N
2375	Lato morire nazionale vino.	2023	2012	Quadro		217	25
2376	Tagliare attività tuo.	2020	2014	Scultura		282	\N
2377	Papà trascinare zia.	2019	2007	Quadro		234	26
2378	Soldato temere fino.	2015	1997	Quadro		239	23
2379	Attaccare distruggere messa.	2025	2025	Scultura		210	28
2380	Lavorare bambina.	2012	1991	Quadro		228	\N
2381	Insieme roba.	2015	1975	Quadro		248	22
2382	Fianco intendere automobile.	2017	1981	Scultura		235	28
2383	Sera intendere in.	2025	2007	Scultura		222	\N
2384	Quarto.	2000	1999	Quadro		257	\N
2385	Addirittura posizione loro.	2022	2011	Quadro		236	21
2386	Sacro aiuto distruggere.	2024	2003	Scultura		260	30
2387	Nobile numero girare.	2019	2018	Quadro		268	22
2388	Frase eh civile.	2011	2009	Quadro		208	26
2389	Articolo guerra popolo raccogliere.	2017	1985	Scultura		226	\N
2390	Vasto intorno odore.	2023	1991	Quadro		201	21
2391	Nostro sonno mangiare.	2022	2016	Quadro		288	\N
2392	Svolgere sistema luogo.	2025	2016	Quadro		285	\N
2393	Abbastanza comporre piacere.	2000	2000	Scultura		201	\N
2394	Mercato.	2017	1989	Scultura		291	22
2395	Su rompere.	2005	2000	Scultura		229	27
2396	Verde sistema reale.	2024	2024	Scultura		222	\N
2397	Intanto durante.	2015	2015	Scultura		202	30
2398	Inutile ammettere.	2000	1996	Quadro		276	\N
2399	Giornale fronte svegliare.	1997	1996	Quadro		298	25
2400	Bere ammettere.	2005	2001	Scultura		247	\N
2401	Estero musica.	2021	2011	Scultura		243	23
2402	Pregare limitare rispetto.	2018	2001	Quadro		246	26
2403	Smettere pregare.	2012	2012	Quadro		291	22
2404	Denaro però opera.	2024	1991	Quadro		212	\N
2405	Passo semplice rivelare.	2019	2018	Scultura		231	29
2406	Carattere esistere assoluto.	2022	1986	Scultura		292	21
2407	Raccontare.	2008	1997	Quadro		266	22
2408	Nostro perciò meritare.	2018	1998	Scultura		290	26
2409	Nobile lavoro.	2019	2016	Quadro		280	\N
2410	Albergo suo decidere gruppo.	2016	2006	Scultura		288	\N
2411	Sorprendere condurre.	1989	1974	Quadro		246	\N
2412	Insistere relazione spettacolo.	2021	2009	Scultura		250	28
2413	Latino sorriso.	2023	2009	Quadro		207	22
2414	Sorprendere legare.	2022	2020	Quadro		203	23
2415	Dito famoso accompagnare.	2021	2002	Quadro		211	30
2416	Presto capace.	2020	2017	Scultura		293	22
2417	Fresco.	2007	1995	Scultura		292	25
2418	Massimo riguardare.	2019	2009	Quadro		243	26
2419	Attuale migliore.	2025	2022	Scultura		203	28
2420	Quarto scorrere.	2016	1984	Scultura		244	23
2421	Conservare pranzo compagnia vario.	2025	2019	Scultura		227	30
2422	Fornire scoppiare.	2001	1984	Quadro		218	22
2423	Futuro non riportare.	2006	1991	Quadro		281	\N
2424	Sangue principio.	1993	1987	Quadro		274	27
2425	Attorno immagine chiamare guardia.	2024	2014	Scultura		282	30
2426	Notare tono preciso.	2006	1977	Quadro		267	27
2427	Neppure studio industria errore.	2022	2005	Quadro		270	27
2428	Proposta chilometro.	2002	2000	Scultura		239	\N
2429	Stagione fino ringraziare.	2023	2015	Scultura		266	24
2430	Massimo seguito.	2023	1996	Scultura		224	23
2431	Oggi stringere notte partecipare.	2010	1995	Scultura		229	28
2432	Ricordare dirigere.	2022	2018	Scultura		292	\N
2433	Programma braccio.	2003	1999	Quadro		245	26
2434	Intenzione domanda.	2020	2020	Quadro		272	22
2435	Spegnere staccare affermare.	2022	2021	Scultura		211	\N
2436	Segretario perciò.	2023	2014	Quadro		280	\N
2437	Pregare stato.	2020	2020	Scultura		280	26
2438	Compiere superiore.	2025	2022	Scultura		287	25
2439	Minimo.	2021	2019	Scultura		222	24
2440	Raggiungere spegnere seguire.	2018	2006	Quadro		281	28
2441	Arrivare riprendere.	1992	1989	Quadro		258	28
2442	Grosso.	2023	2011	Scultura		282	\N
2443	Dietro mente.	2024	2024	Scultura		259	\N
2444	Cui presso opinione.	2021	2014	Quadro		292	25
2445	Ritornare stamattina svegliare.	2024	1991	Quadro		216	26
2446	Presentare.	2011	1982	Scultura		242	\N
2447	Teatro grazie.	2025	2021	Quadro		260	\N
2448	Diverso sperare.	1988	1988	Quadro		208	\N
2449	Bianco dove.	2016	1992	Scultura		236	22
2450	Coprire ricevere levare.	1968	1967	Quadro		275	\N
2451	Anche scusare.	2024	2018	Scultura		232	\N
2452	Grave interno continuare sognare.	2010	2002	Quadro		298	\N
2453	Cadere avere.	2023	1982	Quadro		215	27
2454	Fornire temere pagare.	1994	1983	Scultura		267	\N
2455	Strano solito.	2022	2021	Quadro		288	22
2456	Posizione valore impedire.	2023	2020	Scultura		282	25
2457	Contenere.	2007	1966	Quadro		273	\N
2458	Scoprire posto.	2020	2012	Scultura		297	\N
2459	Denaro restare.	2012	2004	Quadro		253	29
2460	Già oltre riferire.	2025	2025	Scultura		234	28
2461	Temere.	2004	2004	Scultura		257	23
2462	Gridare interno giovanotto.	2003	1993	Scultura		206	30
2463	Uscire accogliere.	1991	1986	Scultura		235	\N
2464	Lei opinione.	2012	1988	Scultura		223	30
2465	Fretta compagnia marito.	1991	1977	Quadro		211	\N
2466	Terzo alcuno.	2025	2007	Scultura		244	24
2467	Parlare giungere.	2015	1983	Scultura		245	29
2468	Poiché coraggio accordo.	2017	2016	Scultura		251	\N
2469	Sangue triste funzione.	2018	2010	Scultura		217	23
2470	Muovere solo limite.	2025	2024	Quadro		234	\N
2471	Tempo lago rivolgere.	2008	2004	Quadro		269	26
2472	Palazzo ogni.	2022	2016	Scultura		237	\N
2473	Scienza imporre.	2024	2017	Quadro		282	21
2474	Sangue carattere.	2015	2003	Quadro		255	\N
2475	Popolazione misura numero.	2023	2014	Scultura		212	25
2476	Giocare fretta bambina.	2019	2007	Scultura		253	24
2477	Azione volere abito.	2024	2020	Scultura		259	28
2478	Qualunque.	2021	2014	Scultura		293	\N
2479	Stesso governo.	1995	1986	Scultura		277	25
2480	Tempo fabbrica possibilità.	2025	2019	Quadro		282	28
2481	Partito morale.	2018	1972	Quadro		248	21
2482	Sera appoggiare.	2023	2018	Scultura		280	\N
2483	Mostrare tirare fede.	2015	1992	Scultura		286	23
2484	Entro luce lettera.	2025	2022	Scultura		248	\N
2485	Completamente rivolgere ombra.	2017	1987	Scultura		300	\N
2486	Dove libero zia.	2022	2016	Scultura		218	26
2487	Importanza.	2016	1997	Scultura		220	29
2488	Voi direzione ora storico.	2021	2008	Scultura		222	30
2489	Posizione medio.	2020	1995	Scultura		260	\N
2490	Sereno qualsiasi.	2007	1986	Quadro		201	30
2491	Riunire attività.	2024	2021	Quadro		238	\N
2492	Avanzare mi.	2020	1986	Quadro		244	21
2493	Dare pelle accanto attaccare.	2017	2012	Quadro		293	\N
2494	Signora cittadino.	2025	2023	Scultura		254	24
2495	Contare corsa invitare.	2023	2019	Quadro		260	22
2496	Tale a occorrere.	2006	1980	Quadro		216	30
2497	Sera quadro poeta aria.	2022	2015	Quadro		243	22
2498	Stesso quale giardino.	2024	2021	Scultura		232	25
2499	Strumento avvenire.	1996	1965	Scultura		263	\N
2500	Porto questione.	2017	1984	Scultura		218	28
2501	Valore contenere.	2015	1999	Scultura		228	22
2502	A.	2025	2023	Scultura		287	30
2503	Interno spazio prova.	2019	2010	Quadro		203	28
2504	Bellezza principale.	1992	1981	Scultura		209	27
2505	Accanto esporre.	2012	1983	Quadro		270	\N
2506	Ancora arma continuo.	2020	2017	Quadro		298	23
2507	Greco sostenere.	2024	2009	Scultura		300	26
2508	Appunto.	2023	2003	Quadro		223	\N
2509	Presto fatica.	2024	1998	Quadro		208	27
2510	Impossibile sistema però.	2021	1980	Scultura		216	21
2511	Opporre recare.	2011	2009	Quadro		224	24
2512	Estendere ridere accendere.	2023	1993	Scultura		291	\N
2513	Naturale servizio.	2023	2023	Scultura		298	30
2514	In.	2005	2003	Quadro		294	22
2515	Interesse qualsiasi.	2023	2017	Quadro		229	\N
2516	Brutto segnare scuola.	2004	1993	Quadro		208	\N
2517	Notizia infine addirittura.	2021	1988	Scultura		209	27
2518	Perdere istituto.	1973	1961	Quadro		229	22
2519	Tono estremo.	2013	2007	Quadro		253	26
2520	Eccetera sorridere.	2017	2008	Quadro		287	\N
2521	Confessare cadere iniziare.	2025	2019	Scultura		293	30
2522	Giudicare pace.	2001	1996	Scultura		275	21
2523	Matrimonio.	2021	1964	Scultura		211	25
2524	Ottenere umano davanti.	1998	1990	Quadro		246	\N
2525	Nazione.	2017	2011	Quadro		211	\N
2526	Valere divenire.	2023	2012	Scultura		221	26
2527	Abitare mamma.	2022	1992	Scultura		249	\N
2528	Fermare rivedere.	2017	2000	Scultura		240	\N
2529	Occasione.	2023	2023	Scultura		202	27
2530	Fine riunire ricevere.	1984	1963	Scultura		295	\N
2531	Istante piacere.	1971	1965	Quadro		277	22
2532	Sapere lavorare letto.	2006	1986	Quadro		267	\N
2533	Cadere malattia bastare.	2012	1987	Scultura		262	28
2534	Prova accadere.	2023	2020	Quadro		290	\N
2535	Diffondere giro.	2007	2004	Scultura		278	29
2536	Fra risultato stabilire.	2019	2004	Quadro		207	\N
2537	Tendere centro.	2018	2011	Scultura		226	26
2538	Poeta felice.	2024	2013	Quadro		203	\N
2539	Personale fresco.	2022	2016	Scultura		285	22
2540	Cantare mentre avere.	2018	2004	Quadro		291	30
2541	Straordinario albero.	1999	1999	Quadro		272	30
2542	Verde fra.	2002	1987	Scultura		211	25
2543	Ieri insomma concedere.	2016	2016	Quadro		258	30
2544	Ragazza provocare.	2021	2016	Scultura		293	\N
2545	Naturale avvicinare.	2025	2012	Quadro		246	\N
2546	Vivere o cielo rapporto.	2015	2010	Quadro		247	22
2547	Diverso angolo cavallo.	2005	1992	Scultura		300	30
2548	Sacrificio alto incontrare.	2015	1985	Scultura		244	25
2549	Carattere destro assai.	1990	1975	Quadro		241	21
2550	Mettere dietro.	1999	1984	Scultura		267	\N
2551	Volta.	2005	1988	Scultura		254	\N
2552	Cristiano anno.	2019	1987	Quadro		244	30
2553	Davvero parete.	2017	2017	Quadro		270	21
2554	Perfetto minore.	2024	2023	Scultura		283	\N
2555	Massa partito a studio.	2021	2014	Quadro		213	25
2556	Assoluto passare piazza.	2015	1999	Quadro		210	28
2557	Dormire nord commercio attuale.	2021	2017	Quadro		217	22
2558	Fianco da.	2012	1994	Quadro		242	21
2559	Leggere sottile.	1998	1970	Scultura		228	26
2560	Vita formare.	1997	1980	Quadro		270	30
2561	Infine porta meno.	2014	2014	Scultura		279	\N
2562	Collina inizio confronto.	2024	1987	Scultura		254	27
2563	Realtà oramai.	2015	1991	Quadro		298	\N
2564	Esperienza cuore arma.	2021	2021	Quadro		242	\N
2565	Commissione azzurro coraggio.	2014	2001	Scultura		258	28
2566	Giugno ricerca.	2025	2018	Scultura		293	\N
2567	Resistere dio nero.	1999	1999	Scultura		213	24
2568	Tirare verso.	2017	2002	Scultura		290	21
2569	Infine casa.	2023	2002	Scultura		253	\N
2570	Insieme neanche.	2010	2009	Scultura		272	23
2571	Possibile albero serio.	2025	1997	Quadro		298	30
2572	Coscienza difficile repubblica.	2015	2003	Scultura		283	21
2573	Discorso passo accanto.	2018	2009	Scultura		299	29
2574	Isola porta secondo.	2025	2018	Quadro		222	25
2575	Scrivere cortile lavorare.	2025	1997	Scultura		223	30
2576	Nemico cane straordinario.	2017	1989	Quadro		230	30
2577	Pietà europeo spettacolo.	2022	1991	Quadro		294	22
2578	Corso posizione scegliere.	1991	1990	Quadro		230	21
2579	Odore.	2005	1993	Quadro		224	26
2580	Pericolo vecchio muro.	2014	1978	Quadro		285	30
2581	Fenomeno spesa innamorare morte.	2023	2005	Scultura		205	22
2582	Cavallo pericolo.	2024	2022	Scultura		268	26
2583	Chilometro improvviso sud.	2006	1998	Scultura		224	27
2584	Ricordo festa lettera.	2023	1981	Scultura		295	24
2585	Tendere ombra.	2024	2024	Quadro		209	22
2586	Forma davvero madre.	1988	1979	Quadro		261	29
2587	Riuscire coloro.	2022	2010	Scultura		250	27
2588	Mercato prendere fianco gesto.	2023	2019	Scultura		213	\N
2589	Spingere finestra giardino.	1986	1978	Scultura		249	\N
2590	Sottile iniziare pieno un.	2012	1969	Scultura		218	\N
2591	Coloro università superare.	2024	2023	Quadro		279	30
2592	Serio su assistere.	2005	2001	Scultura		276	22
2593	Buttare.	2025	2015	Quadro		272	24
2594	Cosa contento.	2017	2004	Quadro		241	22
2595	Domanda memoria.	2019	2013	Quadro		202	30
2596	Male viaggio sembrare.	1990	1956	Scultura		263	24
2597	Sopra scherzare.	2022	2019	Scultura		280	\N
2598	Punta di.	2023	2017	Quadro		270	30
2599	Reale lanciare celebrare.	2019	2017	Quadro		279	23
2600	Sino addirittura.	2019	1988	Scultura		267	\N
2601	Volare largo calcio.	2019	2014	Scultura		202	\N
2602	Più memoria.	2025	2025	Quadro		213	21
2603	Diverso vedere.	2005	1999	Scultura		269	30
2604	Fabbrica grigio tagliare riempire.	1984	1980	Scultura		285	\N
2605	Ringraziare.	2025	2025	Quadro		224	\N
2606	Cultura notare su.	2016	2013	Scultura		293	30
2607	Festa rendere.	2011	1996	Quadro		276	28
2608	Accompagnare esistere perciò aggiungere.	2020	2005	Scultura		245	\N
2609	Più leggere papà.	2025	2010	Scultura		272	\N
2610	Impedire giudizio maniera.	2006	1970	Quadro		228	30
2611	Senso attorno.	1988	1980	Scultura		212	25
2612	Metro fondare.	2007	2006	Quadro		291	25
2613	Prato ecco.	2018	2002	Quadro		214	\N
2614	Indicare togliere tipo.	2010	2007	Scultura		295	28
2615	Uomo numeroso.	1961	1960	Quadro		277	27
2616	Secolo un.	2025	2006	Quadro		295	23
2617	Ambiente pronto spegnere conseguenza.	2025	2024	Quadro		257	24
2618	Terreno.	2013	2008	Quadro		220	\N
2619	Notizia appartenere idea.	2005	2002	Quadro		209	23
2621	Civiltà proposito film.	2024	2016	Quadro		210	\N
2622	In appoggiare.	1997	1989	Quadro		214	\N
2623	Battaglia.	2014	1996	Scultura		249	22
2624	Aggiungere rivelare.	2024	2023	Quadro		271	\N
2625	Anima attento non.	2018	2001	Scultura		239	30
2626	Spazio segno offendere.	2025	2018	Scultura		269	24
2627	Senza luce.	2023	2013	Quadro		216	23
2628	Pianura isola quale punto.	2011	1985	Scultura		221	30
2629	Mostrare sedere distanza.	1990	1975	Quadro		299	\N
2630	Riva ferire storia azzurro.	2023	2023	Quadro		239	22
2631	Cura conoscenza secondo.	2025	2023	Quadro		271	28
2632	Badare avvicinare.	1976	1971	Quadro		295	\N
2633	Pace un vista.	2025	2002	Quadro		296	\N
2634	Ascoltare quello mattino.	2010	2008	Scultura		224	27
2635	Forza ferro ognuno divertire.	2017	1998	Scultura		253	23
2636	Bruciare nemico suo.	2011	2008	Scultura		233	23
2637	Noi sangue.	2022	2017	Quadro		237	23
2638	Cui parete mandare.	2017	2017	Scultura		278	25
2639	Invitare prodotto dovere.	2025	1990	Quadro		270	23
2640	Appartenere tenere.	2005	1993	Quadro		211	\N
2641	Militare regno interesse.	2025	1997	Scultura		244	26
2642	Lanciare.	1996	1983	Quadro		223	\N
2643	Procedere dio automobile.	2019	2019	Scultura		283	24
2644	Carattere metro tipo.	2022	2020	Scultura		213	29
2645	Bestia conservare scorrere.	2018	2012	Scultura		292	24
2646	Sorriso collo morte.	2013	2001	Scultura		296	23
2647	Nessuno materia ricchezza.	2022	2018	Scultura		209	26
2648	Baciare libertà accogliere.	2021	2004	Scultura		247	\N
2649	Maggiore orecchio se.	2025	2025	Scultura		251	29
2650	Rientrare attenzione.	2016	2005	Scultura		226	28
2651	Riprendere assumere congresso.	2022	2011	Quadro		202	26
2652	Vario regno senso.	2018	2012	Scultura		229	29
2653	Stella diventare esercito.	2011	1993	Scultura		241	\N
2654	Sostenere cavallo.	2019	2009	Quadro		222	\N
2655	Eh grado.	1989	1984	Quadro		291	28
2656	Contento lingua.	2005	1999	Scultura		205	30
2657	Peso religioso osservare soffrire.	1984	1979	Scultura		264	24
2658	Stesso amico nave.	2022	2012	Quadro		234	27
2659	Ragione dire foglia.	2009	1997	Quadro		274	28
2660	Lotta.	2012	1994	Scultura		295	\N
2661	Con guardia rosso.	2020	2004	Quadro		241	24
2662	Trascinare eccellenza.	2017	2013	Scultura		279	27
2663	Badare raggiungere sentimento movimento.	2007	1998	Scultura		217	29
2664	Più pezzo repubblica.	2008	2000	Quadro		296	\N
2665	Ottenere quasi donna privato.	2012	1991	Quadro		212	\N
2666	Scherzare nostro prima.	2001	1978	Quadro		263	21
2667	Stagione realtà invitare.	1997	1994	Quadro		201	\N
2668	Differenza giù.	2021	2015	Quadro		236	28
2669	Costringere.	2017	1992	Quadro		264	25
2670	Restare grande possibilità.	2024	2021	Scultura		283	23
2671	Cielo lira aprire.	2015	1978	Scultura		266	\N
2672	Operaio nostro oh.	2022	2010	Scultura		247	\N
2673	Soltanto internazionale puro.	2025	2024	Scultura		236	\N
2674	Rompere significare liberare.	2018	2002	Quadro		242	29
2675	Serio forma fermo.	2024	2015	Quadro		280	23
2676	Cioè stesso veramente.	2001	1999	Scultura		204	26
2677	Preoccupare perciò.	1995	1995	Quadro		289	24
2678	Capello sangue.	2008	1997	Quadro		276	\N
2679	Girare bambina.	1981	1976	Scultura		248	\N
2680	Signore.	2024	1997	Quadro		298	\N
2681	Questo pomeriggio.	1984	1972	Quadro		249	22
2682	Importante occorrere pieno.	1998	1996	Scultura		275	21
2683	Lingua straordinario anno.	2024	2020	Scultura		239	21
2684	Lanciare determinare.	2015	2011	Scultura		243	25
2685	Figlio stare prendere male.	2013	1997	Scultura		300	\N
2686	Sperare.	2021	2015	Quadro		268	24
2687	Viaggio riconoscere preferire.	2023	2016	Quadro		224	\N
2688	Opera porta civiltà.	2021	2012	Quadro		256	\N
2689	Difesa capello figura.	1997	1988	Scultura		276	21
2690	Posare restare.	2022	2016	Quadro		259	23
2691	Condizione esempio.	2024	2007	Quadro		256	21
2692	Moderno carne.	2004	1999	Scultura		289	23
2693	O ritorno essere.	2016	2007	Scultura		217	29
2694	Salire stesso.	2017	2005	Scultura		297	\N
2695	Innamorare chiamare.	2012	1994	Scultura		300	23
2696	Metà crisi.	2014	1996	Scultura		270	\N
2697	Annunciare rivoluzione.	2020	2015	Scultura		251	28
2698	Salutare comprare repubblica.	2022	2002	Quadro		247	24
2699	Utile luce.	2015	2012	Scultura		280	27
2700	Peso freddo.	2017	2014	Scultura		281	21
2701	Tanto calcio.	2024	2013	Quadro		286	23
2702	Preferire battaglia domenica.	2019	1993	Scultura		246	\N
2703	Necessario potere.	2024	2018	Quadro		282	\N
2705	Cittadino riuscire contro.	2014	2006	Scultura		249	22
2706	Indicare appoggiare.	2025	2020	Scultura		217	\N
2707	Compiere chiave ferire.	2006	1999	Quadro		233	21
2708	Dinanzi in giusto.	2010	1991	Quadro		214	24
2709	Quindi bene.	2001	1991	Scultura		275	\N
2710	Alzare piuttosto rompere morte.	2010	2004	Scultura		267	\N
2711	Preferire attenzione tratto.	2018	2017	Scultura		290	22
2712	Tipo molto.	2012	2010	Scultura		279	\N
2713	Avanzare richiedere.	1985	1977	Scultura		277	22
2714	Determinare sicurezza.	2023	2010	Quadro		274	\N
2715	Parecchio improvviso.	2024	2018	Scultura		248	23
2716	Pericolo usare.	2016	2013	Scultura		211	24
2717	Fornire espressione vario.	2018	2011	Scultura		239	26
2718	Poco animale andare cuore.	1980	1976	Quadro		216	24
2719	Specie distruggere.	2025	2003	Scultura		242	\N
2720	Pronto popolo rispondere.	2004	1997	Scultura		266	29
2721	Giorno sì stamattina.	2025	2025	Scultura		275	21
2722	Addirittura massimo latte.	2024	2005	Quadro		271	22
2723	Rosso massa.	2001	1995	Quadro		228	30
2724	Scrittore indicare pure inoltre.	2014	1975	Quadro		270	23
2725	Tuttavia neanche.	1993	1990	Scultura		291	\N
2726	Volare importare carta vestire.	2016	2013	Quadro		243	28
2727	Essa piuttosto da.	2020	2016	Scultura		203	27
2728	Maggiore questione.	2025	2022	Scultura		215	24
2729	Realtà.	2020	2014	Scultura		290	\N
2730	Mostrare.	2025	2002	Scultura		291	21
2731	Persona attenzione.	2004	2002	Quadro		212	22
2732	Togliere storia.	2010	2009	Quadro		204	23
2733	Insegnare svegliare.	2004	2002	Scultura		207	28
2734	Scomparire civiltà.	1989	1970	Quadro		270	\N
2735	Giornale campo.	2013	1981	Scultura		244	26
2736	Secolo bruciare grosso.	2019	2004	Scultura		210	25
2737	Assistere sereno nero.	2009	1990	Scultura		245	21
2738	Occasione ultimo stupido vivere.	2000	1993	Scultura		297	30
2739	Sostenere ritornare.	2003	1999	Quadro		269	30
2740	Istituto essere azione.	2023	2023	Quadro		270	\N
2741	Notare abitare.	2020	1980	Quadro		220	\N
2742	Pubblicare ragazzo.	2025	2025	Quadro		296	21
2743	Chiudere rimanere.	2019	2010	Quadro		300	25
2744	Voce occorrere.	2022	2021	Scultura		268	29
2745	Se passione viso.	2002	1958	Quadro		252	\N
2746	Papà principale necessario.	2005	2001	Scultura		234	28
2747	Tornare produrre.	2021	2021	Quadro		257	\N
2748	Bisognare costa.	1990	1984	Quadro		270	23
2749	Comporre scopo.	2022	2019	Scultura		297	\N
2750	Troppo braccio io.	2022	2021	Quadro		255	23
2751	Esistere dirigere.	2025	2004	Scultura		214	26
2752	Grosso sì popolazione fiume.	1997	1963	Scultura		295	\N
2753	Grave pagina.	2003	2001	Quadro		278	21
2754	Risultare veramente a.	2024	2019	Scultura		205	22
2755	Affermare nobile tuo.	2007	2002	Quadro		232	25
2756	Importanza già lei.	2023	2022	Scultura		205	24
2757	Creare succedere giornata.	2003	1985	Quadro		211	28
2758	Scuola.	1995	1989	Quadro		246	21
2759	Nascondere battere pietà.	2000	1992	Quadro		299	30
2760	Sposare che.	2020	2019	Quadro		227	24
2761	Pesare interessante rifiutare.	2003	2002	Scultura		298	27
2762	Evitare punta domenica.	1995	1995	Scultura		267	28
2763	Animo stare.	2016	2008	Scultura		248	\N
2764	Probabilmente avvenire.	2003	2000	Quadro		233	21
2765	Vuoto medesimo numeroso.	2024	2008	Scultura		256	27
2766	Insomma.	2022	2010	Quadro		259	\N
2767	Volontà società.	2017	1965	Quadro		229	\N
2768	Sereno mamma.	2020	2019	Quadro		251	23
2769	Viaggio presente.	2021	2002	Quadro		286	26
2770	Metro corrente stanza.	2009	1996	Scultura		226	\N
2771	Vestito smettere pace.	2021	2019	Quadro		265	30
2772	Scoprire autore popolo.	1996	1960	Scultura		264	29
2773	Sposare concetto.	2003	1978	Quadro		246	\N
2774	Cristiano piazza grave.	2023	2015	Scultura		232	24
2775	Dormire calcio.	2016	2010	Quadro		251	\N
2776	Usare.	2021	2020	Scultura		259	\N
2777	Battere albergo.	2005	2002	Quadro		234	25
2778	Costa promettere automobile.	2023	2002	Scultura		222	28
2779	Seguire.	2006	2006	Quadro		204	29
2780	Brutto giallo.	1995	1985	Quadro		273	24
2781	Pane tanto.	2022	1992	Quadro		263	\N
2782	Fiore qualità.	2016	2011	Scultura		207	27
2783	Legare qualunque infatti.	2022	2021	Quadro		260	\N
2784	Insistere comporre.	2019	2019	Quadro		287	28
2785	Terzo bravo.	2010	2009	Quadro		230	27
2786	Considerare evitare.	2019	2004	Quadro		274	22
2787	Ammazzare chiesa medico bere.	2024	2020	Scultura		272	\N
2788	Facile rosso parecchio.	1999	1979	Scultura		223	29
2789	Terzo ordine.	2025	2008	Quadro		205	29
2790	Rapido ringraziare.	2025	2014	Scultura		287	26
2791	Comunicazione.	2023	2003	Scultura		240	26
2792	Roba con.	2018	1990	Scultura		224	25
2793	Finalmente occorrere.	2015	2014	Scultura		205	23
2794	Prima.	2023	2021	Quadro		287	\N
2795	Se vento.	2018	2004	Scultura		210	22
2796	Affare motivo perdere.	2024	2017	Quadro		253	21
2797	Nascere ricerca recente finestra.	2022	1978	Quadro		230	21
2798	Mamma giro.	2025	2025	Scultura		281	21
2799	Uomo domanda.	2017	2016	Scultura		213	29
2800	Problema parlare.	2025	2022	Scultura		283	28
2801	Medico macchina pieno.	2015	1971	Scultura		277	23
2802	Foglia.	2010	1973	Scultura		252	29
2803	Ne senso.	2022	2022	Scultura		293	\N
2804	Fianco togliere proprio risultare.	2000	1991	Scultura		216	24
2805	Stesso giro.	2014	2006	Quadro		222	26
2806	Meno credere.	2018	2018	Scultura		202	\N
2807	Stesso gridare.	2024	2016	Scultura		259	26
2808	Tenere onore preparare.	2020	2016	Scultura		218	23
2809	Insegnare.	2025	2024	Quadro		281	27
2810	Brutto maggio prossimo.	2004	2001	Scultura		247	\N
2811	Ampio nazione bisognare.	2018	2004	Quadro		232	22
2812	Ragazzo uscire saltare attaccare.	1988	1987	Quadro		235	\N
2813	Morire matrimonio.	2025	2020	Scultura		201	\N
2814	Tono riunire.	2025	2015	Quadro		259	23
2815	Girare forte.	2005	1998	Quadro		235	25
2816	Davvero forte pane.	2004	1991	Quadro		246	25
2817	Continuare importante.	2006	1973	Scultura		229	21
2818	Pace peso ritrovare.	2022	2009	Quadro		284	25
2819	Sorridere calcio.	2010	2009	Scultura		224	30
2820	Sino studio comprare.	2009	2002	Scultura		232	28
2821	Provincia.	2006	2004	Quadro		246	27
2822	Scienza indicare.	2015	2004	Scultura		221	21
2823	Caffè esperienza perfetto.	2022	1973	Quadro		277	28
2824	Lavoro mi scrittore.	2022	2015	Scultura		227	\N
2825	Giornale.	2025	2007	Quadro		234	\N
2826	Serie grande.	2018	2000	Quadro		239	\N
2827	Veramente ambiente vino.	2013	1999	Scultura		297	27
2828	Famoso molto.	2011	2011	Scultura		240	\N
2829	Consentire collo sinistro.	2024	2022	Quadro		280	27
2830	Intero caro lettera.	1997	1989	Quadro		297	30
2831	Raggiungere milione come tornare.	2013	1981	Scultura		238	29
2832	Desiderio lei.	2011	1989	Scultura		209	29
2833	Presidente medico quale.	2025	2004	Quadro		214	29
2834	Alcuno presente spirito.	2013	2006	Quadro		234	26
2835	Libertà arrestare dove.	2025	2002	Quadro		257	27
2836	Sociale descrivere cantare.	2023	2016	Quadro		202	30
2837	Occasione amare.	2014	2012	Scultura		239	\N
2838	Braccio vuoto professore.	2025	2025	Scultura		268	25
2839	Tavola.	2024	1997	Scultura		248	30
2840	Aria meno impressione.	2019	2006	Scultura		237	29
2841	Determinare gruppo epoca.	1989	1979	Scultura		277	28
2842	Presentare là.	2007	1999	Quadro		213	\N
2843	Visita attenzione.	2004	1988	Quadro		218	\N
2844	Dietro fornire.	1995	1991	Scultura		262	\N
2845	Tale metà rappresentare.	1998	1994	Quadro		208	26
2846	Domani.	2021	2000	Quadro		221	26
2847	Nave pieno.	2023	2020	Quadro		250	\N
2848	Eh dove.	2025	1977	Scultura		241	28
2849	Bisogno mamma.	2015	2013	Quadro		280	23
2850	Nessuno.	2023	1969	Quadro		277	24
2851	Aspettare soldato attendere.	2014	2005	Quadro		241	25
2852	Indicare arte avanti.	2020	1991	Quadro		269	28
2853	Felice ciò succedere.	2003	2002	Scultura		275	28
2854	Notizia teatro figlia.	2019	1999	Quadro		213	\N
2855	Scienza qualcosa.	2017	2012	Scultura		222	\N
2856	Ieri principale.	2017	2007	Quadro		204	27
2857	Uno nemico.	2017	2014	Scultura		255	27
2858	Scuola riuscire primo.	2018	2016	Scultura		290	29
2859	Villa colore.	2022	2012	Scultura		228	\N
2860	Essa affare occhio dipendere.	1958	1958	Quadro		296	21
2861	Abbandonare russo fede.	2008	2000	Quadro		266	\N
2862	Muovere pomeriggio.	2022	2004	Quadro		287	24
2863	Voglia.	2016	2014	Quadro		202	21
2864	Chilometro.	1983	1971	Scultura		246	26
2865	Giugno.	2005	2005	Quadro		247	22
2866	Giovane venire animale essa.	2005	1988	Scultura		276	22
2867	Biondo sala.	1966	1958	Quadro		263	21
2868	Ecco bambina.	2016	1988	Quadro		208	\N
2869	Dio presto descrivere legge.	2024	1959	Scultura		281	24
2870	Appartenere svegliare accadere.	2002	1999	Scultura		276	30
2871	Tuo pronto concedere.	2015	1976	Quadro		276	27
2872	Scendere musica sacro.	2017	1998	Quadro		278	25
2873	Cercare odore.	2020	1993	Quadro		266	25
2874	Male sangue.	2005	2005	Scultura		276	\N
2875	Accorgersi abbandonare sì.	2025	2011	Quadro		285	28
2876	Pagare temere.	2020	2015	Scultura		280	24
2877	Albero prova.	2022	2013	Scultura		217	24
2878	Rimanere battaglia.	2024	2024	Scultura		282	\N
2879	Attuale zona argomento.	2019	1998	Scultura		258	24
2880	Intero aiutare attorno.	2006	2001	Quadro		284	27
2881	Pena arte.	2010	1995	Quadro		247	24
2882	Impossibile fiume.	2021	1988	Quadro		267	29
2883	Minore finalmente.	2025	2018	Quadro		290	25
2884	Giù zona.	2014	2002	Quadro		224	26
2885	Con.	2019	2016	Quadro		227	30
2886	Guerra partecipare rivedere.	2018	2014	Quadro		256	21
2887	Sorriso condizione qualcuno.	2020	2017	Quadro		243	22
2888	Fra cane genere.	2007	1978	Quadro		244	22
2889	Invitare nord.	2024	2020	Quadro		202	29
2890	Treno maggiore.	2021	2011	Quadro		210	29
2891	Aiuto naturalmente.	2025	2025	Scultura		222	\N
2892	Argomento desiderio industriale.	1981	1972	Scultura		264	25
2893	Società distanza soprattutto ecco.	2018	2016	Quadro		250	26
2894	Rapporto stringere.	2021	2017	Scultura		283	\N
2895	Fissare croce.	1996	1991	Quadro		270	28
2896	Sforzo segretario arrestare memoria.	2023	2023	Scultura		290	27
2897	Leggero questione qualcuno.	2019	1996	Quadro		241	\N
2898	Verità rapido girare.	2010	2005	Quadro		271	\N
2899	Cultura centro risultare.	2021	2016	Scultura		300	26
2900	Portare guidare tuo.	2019	2014	Quadro		217	25
2901	Cui bisogno ognuno.	2024	2013	Scultura		204	29
2902	Naturalmente.	2001	1989	Quadro		229	\N
2903	Spirito baciare voglia.	2008	2006	Quadro		207	\N
2904	Appartenere odore.	2023	2016	Scultura		279	23
2905	Avvenire dichiarare.	2015	2000	Scultura		281	22
2906	Capitare tagliare.	2024	2022	Scultura		250	27
2907	Cadere gente pregare.	2022	2005	Scultura		218	\N
2908	Eh prendere oh.	2014	2000	Quadro		224	27
2909	Incontrare particolare scrivere.	2025	2007	Scultura		300	\N
2910	Spirito situazione impressione.	2024	2019	Quadro		259	\N
2911	Lotta colore.	2016	2012	Quadro		293	27
2912	Secolo natura.	2025	2013	Quadro		264	\N
2913	Giungere unico pranzo.	2020	2007	Quadro		217	24
2914	Bisogno donna.	2025	2025	Scultura		275	28
2915	Azione ferire.	1999	1985	Scultura		246	\N
2916	Serie indietro partito.	2017	2004	Scultura		252	23
2917	Estendere sicurezza.	2025	2023	Scultura		214	\N
2918	Bello capitare favore.	2007	1998	Quadro		228	24
2919	Patria signora concetto.	2021	2006	Quadro		244	22
2920	Insieme foglia.	2014	2004	Scultura		298	27
2921	Articolo presenza preoccupare.	2016	2005	Quadro		267	29
2922	Giudizio proporre.	2013	2012	Scultura		284	\N
2923	Momento concedere.	2021	2016	Scultura		289	\N
2924	Ieri bravo preciso.	2024	2023	Quadro		247	\N
2925	Seguire bere strano antico.	2022	1998	Scultura		213	21
2926	Nobile solo nemmeno.	2022	2012	Scultura		207	\N
2927	Spingere problema.	2023	2023	Scultura		289	27
2928	Si stampa sì.	2010	1989	Quadro		244	25
2929	Ultimo vita.	2019	2006	Scultura		251	22
2930	Quanto estremo qualcuno.	2024	1972	Scultura		223	23
2931	Nemmeno creare giù.	2023	2008	Scultura		248	26
2932	Solo calcio.	2025	2024	Scultura		205	24
2933	Comodo rappresentare subito mantenere.	2020	2018	Quadro		251	\N
2934	Opera leggero.	2019	2018	Scultura		280	\N
2935	Ieri.	2024	2022	Scultura		290	\N
2936	Riunire guardia necessario.	2019	2009	Scultura		232	24
2937	Foglia capello tavola.	2009	2002	Quadro		267	22
2938	Università.	2004	1999	Quadro		290	23
2939	Uso scherzare.	2021	2014	Scultura		288	\N
2940	In.	2020	2007	Scultura		286	23
2941	Studiare musica.	1994	1989	Quadro		285	\N
2942	Salutare origine.	2024	2013	Quadro		267	25
2943	Affatto sbagliare.	2022	1999	Quadro		284	21
2944	O armare.	2025	2018	Quadro		233	23
2945	Occorrere duro.	2020	2016	Quadro		253	\N
2946	Prendere formare.	2020	2006	Scultura		205	26
2947	Città confessare.	1999	1989	Quadro		267	\N
2948	Amare.	2009	2007	Quadro		298	22
2949	Verso felice straniero.	1997	1994	Scultura		269	26
2950	Ricordare piuttosto.	2018	2002	Quadro		251	28
2951	Condurre piangere portare.	2025	2022	Scultura		265	26
2952	Stampa numeroso andare badare.	2018	1989	Scultura		273	\N
2953	Eh massa davvero.	2020	2019	Quadro		203	23
2954	Comprendere eccetera.	2025	2023	Quadro		280	21
2955	Scrittore città.	2022	2011	Quadro		232	23
2956	Cioè stringere.	2021	2016	Scultura		244	22
2957	Sud stabilire eccellenza.	2023	2015	Quadro		296	26
2958	Peggio neanche elettrico unico.	2023	2015	Quadro		202	25
2959	Vario latino donna.	2018	2016	Quadro		211	21
2960	Romano lettera però.	2014	2003	Scultura		283	\N
2961	Dietro tecnico vendere offendere.	1998	1997	Quadro		211	23
2962	Circa bisognare.	2024	2024	Quadro		217	26
2963	Breve principe lontano.	2008	1992	Scultura		277	22
2964	Forse da.	2022	2020	Scultura		280	28
2965	Salire accadere continuo.	2018	2018	Quadro		213	\N
2966	Appartenere mare poiché.	2018	2015	Quadro		249	30
2967	Perciò potere.	2015	2007	Quadro		201	21
2968	Durare linea.	2024	2021	Scultura		240	21
2969	Badare territorio scendere.	1975	1973	Quadro		264	\N
2970	Pace repubblica.	2007	2005	Quadro		276	\N
2971	Capire programma.	2018	2012	Scultura		220	\N
2972	Nome fermo.	2021	2004	Quadro		236	26
2973	Pubblicare fermare stanco.	1995	1987	Quadro		254	\N
2974	Poco materia.	1992	1973	Scultura		295	30
2975	Comune questo ne.	2006	1996	Scultura		208	\N
2976	Fatto processo.	1989	1981	Quadro		215	25
2977	Quello trovare presidente.	2017	2013	Scultura		269	30
2978	Accanto impossibile.	2025	2018	Scultura		285	21
2979	Accordo tecnico.	2019	2016	Quadro		243	30
2980	Avvicinare.	2000	1979	Scultura		216	23
2981	Preciso parola.	2025	2022	Quadro		278	26
2982	Domanda malattia.	2005	2005	Scultura		212	\N
2983	Nessuno cucina.	2025	2021	Scultura		219	\N
2984	Immagine mostrare albergo.	2008	1982	Scultura		208	\N
2985	Seguire divertire.	1986	1980	Quadro		233	30
2986	Insistere tavolo proposito.	2023	2012	Quadro		268	27
2987	Lavoro sorriso crescere.	1979	1974	Scultura		252	24
2988	Accadere affatto età.	2015	1984	Quadro		272	\N
2989	Dopo secondo rivelare.	2016	1974	Quadro		264	21
2990	Mentre ammettere sinistro colore.	1991	1973	Scultura		229	\N
2991	Animo preparare naturale.	2022	1984	Quadro		266	\N
2992	Vivere infatti oggi.	2020	2017	Quadro		267	27
2993	Nord inizio.	1992	1979	Quadro		276	28
2994	Dove metà nascondere liberare.	2024	2024	Quadro		251	\N
2995	Termine durare.	2012	2001	Quadro		224	23
2996	Costruire processo.	2024	2021	Scultura		255	\N
2997	Grande studio governo.	2008	2000	Scultura		275	24
2998	Adesso carta mangiare.	2019	2005	Scultura		264	30
2999	Stazione figlio.	1995	1992	Quadro		232	\N
3000	Assistere continuare.	2015	1997	Quadro		286	26
3001	Funzione difesa assistere.	2012	2008	Quadro		210	24
3002	Università attendere.	2006	1995	Quadro		231	\N
2704	Parecchio ne polizia.	2017	2013	Quadro		201	\N
3003	Chiaro di Sole	1982	1981	Quadro		202	29
2620	Largo presente posto.	2014	2006	Scultura		201	24
3006	Giardini pensili	2020	1700	Quadro		301	23
3009	Stagno	2020	1600	Quadro		301	22
\.


--
-- Data for Name: gallery_sala; Type: TABLE DATA; Schema: public; Owner: museo_user
--

COPY public.gallery_sala (numero, nome, superficie, tema_id) FROM stdin;
22	Sala 2	60	43
23	Sala 3	140	44
24	Sala 4	61	45
25	Sala 5	143	46
26	Sala 6	99	47
27	Sala 7	140	48
28	Sala 8	67	49
29	Sala 9	200	50
30	Sala 10	51	51
21	Sala 1	186	42
\.


--
-- Data for Name: gallery_tema; Type: TABLE DATA; Schema: public; Owner: museo_user
--

COPY public.gallery_tema (codice, descrizione) FROM stdin;
42	Impressionismo
43	Cubismo
44	Surrealismo
45	Futurismo
46	Espressionismo
47	Realismo
48	Brutalismo
49	Barocco
50	Minimalismo
51	Pop Art
\.


--
-- Name: auth_group_id_seq; Type: SEQUENCE SET; Schema: public; Owner: museo_user
--

SELECT pg_catalog.setval('public.auth_group_id_seq', 1, false);


--
-- Name: auth_group_permissions_id_seq; Type: SEQUENCE SET; Schema: public; Owner: museo_user
--

SELECT pg_catalog.setval('public.auth_group_permissions_id_seq', 1, false);


--
-- Name: auth_permission_id_seq; Type: SEQUENCE SET; Schema: public; Owner: museo_user
--

SELECT pg_catalog.setval('public.auth_permission_id_seq', 40, true);


--
-- Name: auth_user_groups_id_seq; Type: SEQUENCE SET; Schema: public; Owner: museo_user
--

SELECT pg_catalog.setval('public.auth_user_groups_id_seq', 1, false);


--
-- Name: auth_user_id_seq; Type: SEQUENCE SET; Schema: public; Owner: museo_user
--

SELECT pg_catalog.setval('public.auth_user_id_seq', 1, true);


--
-- Name: auth_user_user_permissions_id_seq; Type: SEQUENCE SET; Schema: public; Owner: museo_user
--

SELECT pg_catalog.setval('public.auth_user_user_permissions_id_seq', 1, false);


--
-- Name: django_admin_log_id_seq; Type: SEQUENCE SET; Schema: public; Owner: museo_user
--

SELECT pg_catalog.setval('public.django_admin_log_id_seq', 21, true);


--
-- Name: django_content_type_id_seq; Type: SEQUENCE SET; Schema: public; Owner: museo_user
--

SELECT pg_catalog.setval('public.django_content_type_id_seq', 10, true);


--
-- Name: django_migrations_id_seq; Type: SEQUENCE SET; Schema: public; Owner: museo_user
--

SELECT pg_catalog.setval('public.django_migrations_id_seq', 19, true);


--
-- Name: gallery_autore_codice_seq; Type: SEQUENCE SET; Schema: public; Owner: museo_user
--

SELECT pg_catalog.setval('public.gallery_autore_codice_seq', 306, true);


--
-- Name: gallery_opera_codice_seq; Type: SEQUENCE SET; Schema: public; Owner: museo_user
--

SELECT pg_catalog.setval('public.gallery_opera_codice_seq', 3014, true);


--
-- Name: gallery_sala_numero_seq; Type: SEQUENCE SET; Schema: public; Owner: museo_user
--

SELECT pg_catalog.setval('public.gallery_sala_numero_seq', 30, true);


--
-- Name: gallery_tema_codice_seq; Type: SEQUENCE SET; Schema: public; Owner: museo_user
--

SELECT pg_catalog.setval('public.gallery_tema_codice_seq', 51, true);


--
-- Name: auth_group auth_group_name_key; Type: CONSTRAINT; Schema: public; Owner: museo_user
--

ALTER TABLE ONLY public.auth_group
    ADD CONSTRAINT auth_group_name_key UNIQUE (name);


--
-- Name: auth_group_permissions auth_group_permissions_group_id_permission_id_0cd325b0_uniq; Type: CONSTRAINT; Schema: public; Owner: museo_user
--

ALTER TABLE ONLY public.auth_group_permissions
    ADD CONSTRAINT auth_group_permissions_group_id_permission_id_0cd325b0_uniq UNIQUE (group_id, permission_id);


--
-- Name: auth_group_permissions auth_group_permissions_pkey; Type: CONSTRAINT; Schema: public; Owner: museo_user
--

ALTER TABLE ONLY public.auth_group_permissions
    ADD CONSTRAINT auth_group_permissions_pkey PRIMARY KEY (id);


--
-- Name: auth_group auth_group_pkey; Type: CONSTRAINT; Schema: public; Owner: museo_user
--

ALTER TABLE ONLY public.auth_group
    ADD CONSTRAINT auth_group_pkey PRIMARY KEY (id);


--
-- Name: auth_permission auth_permission_content_type_id_codename_01ab375a_uniq; Type: CONSTRAINT; Schema: public; Owner: museo_user
--

ALTER TABLE ONLY public.auth_permission
    ADD CONSTRAINT auth_permission_content_type_id_codename_01ab375a_uniq UNIQUE (content_type_id, codename);


--
-- Name: auth_permission auth_permission_pkey; Type: CONSTRAINT; Schema: public; Owner: museo_user
--

ALTER TABLE ONLY public.auth_permission
    ADD CONSTRAINT auth_permission_pkey PRIMARY KEY (id);


--
-- Name: auth_user_groups auth_user_groups_pkey; Type: CONSTRAINT; Schema: public; Owner: museo_user
--

ALTER TABLE ONLY public.auth_user_groups
    ADD CONSTRAINT auth_user_groups_pkey PRIMARY KEY (id);


--
-- Name: auth_user_groups auth_user_groups_user_id_group_id_94350c0c_uniq; Type: CONSTRAINT; Schema: public; Owner: museo_user
--

ALTER TABLE ONLY public.auth_user_groups
    ADD CONSTRAINT auth_user_groups_user_id_group_id_94350c0c_uniq UNIQUE (user_id, group_id);


--
-- Name: auth_user auth_user_pkey; Type: CONSTRAINT; Schema: public; Owner: museo_user
--

ALTER TABLE ONLY public.auth_user
    ADD CONSTRAINT auth_user_pkey PRIMARY KEY (id);


--
-- Name: auth_user_user_permissions auth_user_user_permissions_pkey; Type: CONSTRAINT; Schema: public; Owner: museo_user
--

ALTER TABLE ONLY public.auth_user_user_permissions
    ADD CONSTRAINT auth_user_user_permissions_pkey PRIMARY KEY (id);


--
-- Name: auth_user_user_permissions auth_user_user_permissions_user_id_permission_id_14a6b632_uniq; Type: CONSTRAINT; Schema: public; Owner: museo_user
--

ALTER TABLE ONLY public.auth_user_user_permissions
    ADD CONSTRAINT auth_user_user_permissions_user_id_permission_id_14a6b632_uniq UNIQUE (user_id, permission_id);


--
-- Name: auth_user auth_user_username_key; Type: CONSTRAINT; Schema: public; Owner: museo_user
--

ALTER TABLE ONLY public.auth_user
    ADD CONSTRAINT auth_user_username_key UNIQUE (username);


--
-- Name: django_admin_log django_admin_log_pkey; Type: CONSTRAINT; Schema: public; Owner: museo_user
--

ALTER TABLE ONLY public.django_admin_log
    ADD CONSTRAINT django_admin_log_pkey PRIMARY KEY (id);


--
-- Name: django_content_type django_content_type_app_label_model_76bd3d3b_uniq; Type: CONSTRAINT; Schema: public; Owner: museo_user
--

ALTER TABLE ONLY public.django_content_type
    ADD CONSTRAINT django_content_type_app_label_model_76bd3d3b_uniq UNIQUE (app_label, model);


--
-- Name: django_content_type django_content_type_pkey; Type: CONSTRAINT; Schema: public; Owner: museo_user
--

ALTER TABLE ONLY public.django_content_type
    ADD CONSTRAINT django_content_type_pkey PRIMARY KEY (id);


--
-- Name: django_migrations django_migrations_pkey; Type: CONSTRAINT; Schema: public; Owner: museo_user
--

ALTER TABLE ONLY public.django_migrations
    ADD CONSTRAINT django_migrations_pkey PRIMARY KEY (id);


--
-- Name: django_session django_session_pkey; Type: CONSTRAINT; Schema: public; Owner: museo_user
--

ALTER TABLE ONLY public.django_session
    ADD CONSTRAINT django_session_pkey PRIMARY KEY (session_key);


--
-- Name: gallery_autore gallery_autore_pkey; Type: CONSTRAINT; Schema: public; Owner: museo_user
--

ALTER TABLE ONLY public.gallery_autore
    ADD CONSTRAINT gallery_autore_pkey PRIMARY KEY (codice);


--
-- Name: gallery_opera gallery_opera_pkey; Type: CONSTRAINT; Schema: public; Owner: museo_user
--

ALTER TABLE ONLY public.gallery_opera
    ADD CONSTRAINT gallery_opera_pkey PRIMARY KEY (codice);


--
-- Name: gallery_sala gallery_sala_pkey; Type: CONSTRAINT; Schema: public; Owner: museo_user
--

ALTER TABLE ONLY public.gallery_sala
    ADD CONSTRAINT gallery_sala_pkey PRIMARY KEY (numero);


--
-- Name: gallery_tema gallery_tema_pkey; Type: CONSTRAINT; Schema: public; Owner: museo_user
--

ALTER TABLE ONLY public.gallery_tema
    ADD CONSTRAINT gallery_tema_pkey PRIMARY KEY (codice);


--
-- Name: auth_group_name_a6ea08ec_like; Type: INDEX; Schema: public; Owner: museo_user
--

CREATE INDEX auth_group_name_a6ea08ec_like ON public.auth_group USING btree (name varchar_pattern_ops);


--
-- Name: auth_group_permissions_group_id_b120cbf9; Type: INDEX; Schema: public; Owner: museo_user
--

CREATE INDEX auth_group_permissions_group_id_b120cbf9 ON public.auth_group_permissions USING btree (group_id);


--
-- Name: auth_group_permissions_permission_id_84c5c92e; Type: INDEX; Schema: public; Owner: museo_user
--

CREATE INDEX auth_group_permissions_permission_id_84c5c92e ON public.auth_group_permissions USING btree (permission_id);


--
-- Name: auth_permission_content_type_id_2f476e4b; Type: INDEX; Schema: public; Owner: museo_user
--

CREATE INDEX auth_permission_content_type_id_2f476e4b ON public.auth_permission USING btree (content_type_id);


--
-- Name: auth_user_groups_group_id_97559544; Type: INDEX; Schema: public; Owner: museo_user
--

CREATE INDEX auth_user_groups_group_id_97559544 ON public.auth_user_groups USING btree (group_id);


--
-- Name: auth_user_groups_user_id_6a12ed8b; Type: INDEX; Schema: public; Owner: museo_user
--

CREATE INDEX auth_user_groups_user_id_6a12ed8b ON public.auth_user_groups USING btree (user_id);


--
-- Name: auth_user_user_permissions_permission_id_1fbb5f2c; Type: INDEX; Schema: public; Owner: museo_user
--

CREATE INDEX auth_user_user_permissions_permission_id_1fbb5f2c ON public.auth_user_user_permissions USING btree (permission_id);


--
-- Name: auth_user_user_permissions_user_id_a95ead1b; Type: INDEX; Schema: public; Owner: museo_user
--

CREATE INDEX auth_user_user_permissions_user_id_a95ead1b ON public.auth_user_user_permissions USING btree (user_id);


--
-- Name: auth_user_username_6821ab7c_like; Type: INDEX; Schema: public; Owner: museo_user
--

CREATE INDEX auth_user_username_6821ab7c_like ON public.auth_user USING btree (username varchar_pattern_ops);


--
-- Name: django_admin_log_content_type_id_c4bce8eb; Type: INDEX; Schema: public; Owner: museo_user
--

CREATE INDEX django_admin_log_content_type_id_c4bce8eb ON public.django_admin_log USING btree (content_type_id);


--
-- Name: django_admin_log_user_id_c564eba6; Type: INDEX; Schema: public; Owner: museo_user
--

CREATE INDEX django_admin_log_user_id_c564eba6 ON public.django_admin_log USING btree (user_id);


--
-- Name: django_session_expire_date_a5c62663; Type: INDEX; Schema: public; Owner: museo_user
--

CREATE INDEX django_session_expire_date_a5c62663 ON public.django_session USING btree (expire_date);


--
-- Name: django_session_session_key_c0390e0f_like; Type: INDEX; Schema: public; Owner: museo_user
--

CREATE INDEX django_session_session_key_c0390e0f_like ON public.django_session USING btree (session_key varchar_pattern_ops);


--
-- Name: gallery_opera_autore_id_1d389d27; Type: INDEX; Schema: public; Owner: museo_user
--

CREATE INDEX gallery_opera_autore_id_1d389d27 ON public.gallery_opera USING btree (autore_id);


--
-- Name: gallery_opera_esposta_in_sala_id_e4998f28; Type: INDEX; Schema: public; Owner: museo_user
--

CREATE INDEX gallery_opera_esposta_in_sala_id_e4998f28 ON public.gallery_opera USING btree (esposta_in_sala_id);


--
-- Name: gallery_sala_tema_id_54c6ff03; Type: INDEX; Schema: public; Owner: museo_user
--

CREATE INDEX gallery_sala_tema_id_54c6ff03 ON public.gallery_sala USING btree (tema_id);


--
-- Name: auth_group_permissions auth_group_permissio_permission_id_84c5c92e_fk_auth_perm; Type: FK CONSTRAINT; Schema: public; Owner: museo_user
--

ALTER TABLE ONLY public.auth_group_permissions
    ADD CONSTRAINT auth_group_permissio_permission_id_84c5c92e_fk_auth_perm FOREIGN KEY (permission_id) REFERENCES public.auth_permission(id) DEFERRABLE INITIALLY DEFERRED;


--
-- Name: auth_group_permissions auth_group_permissions_group_id_b120cbf9_fk_auth_group_id; Type: FK CONSTRAINT; Schema: public; Owner: museo_user
--

ALTER TABLE ONLY public.auth_group_permissions
    ADD CONSTRAINT auth_group_permissions_group_id_b120cbf9_fk_auth_group_id FOREIGN KEY (group_id) REFERENCES public.auth_group(id) DEFERRABLE INITIALLY DEFERRED;


--
-- Name: auth_permission auth_permission_content_type_id_2f476e4b_fk_django_co; Type: FK CONSTRAINT; Schema: public; Owner: museo_user
--

ALTER TABLE ONLY public.auth_permission
    ADD CONSTRAINT auth_permission_content_type_id_2f476e4b_fk_django_co FOREIGN KEY (content_type_id) REFERENCES public.django_content_type(id) DEFERRABLE INITIALLY DEFERRED;


--
-- Name: auth_user_groups auth_user_groups_group_id_97559544_fk_auth_group_id; Type: FK CONSTRAINT; Schema: public; Owner: museo_user
--

ALTER TABLE ONLY public.auth_user_groups
    ADD CONSTRAINT auth_user_groups_group_id_97559544_fk_auth_group_id FOREIGN KEY (group_id) REFERENCES public.auth_group(id) DEFERRABLE INITIALLY DEFERRED;


--
-- Name: auth_user_groups auth_user_groups_user_id_6a12ed8b_fk_auth_user_id; Type: FK CONSTRAINT; Schema: public; Owner: museo_user
--

ALTER TABLE ONLY public.auth_user_groups
    ADD CONSTRAINT auth_user_groups_user_id_6a12ed8b_fk_auth_user_id FOREIGN KEY (user_id) REFERENCES public.auth_user(id) DEFERRABLE INITIALLY DEFERRED;


--
-- Name: auth_user_user_permissions auth_user_user_permi_permission_id_1fbb5f2c_fk_auth_perm; Type: FK CONSTRAINT; Schema: public; Owner: museo_user
--

ALTER TABLE ONLY public.auth_user_user_permissions
    ADD CONSTRAINT auth_user_user_permi_permission_id_1fbb5f2c_fk_auth_perm FOREIGN KEY (permission_id) REFERENCES public.auth_permission(id) DEFERRABLE INITIALLY DEFERRED;


--
-- Name: auth_user_user_permissions auth_user_user_permissions_user_id_a95ead1b_fk_auth_user_id; Type: FK CONSTRAINT; Schema: public; Owner: museo_user
--

ALTER TABLE ONLY public.auth_user_user_permissions
    ADD CONSTRAINT auth_user_user_permissions_user_id_a95ead1b_fk_auth_user_id FOREIGN KEY (user_id) REFERENCES public.auth_user(id) DEFERRABLE INITIALLY DEFERRED;


--
-- Name: django_admin_log django_admin_log_content_type_id_c4bce8eb_fk_django_co; Type: FK CONSTRAINT; Schema: public; Owner: museo_user
--

ALTER TABLE ONLY public.django_admin_log
    ADD CONSTRAINT django_admin_log_content_type_id_c4bce8eb_fk_django_co FOREIGN KEY (content_type_id) REFERENCES public.django_content_type(id) DEFERRABLE INITIALLY DEFERRED;


--
-- Name: django_admin_log django_admin_log_user_id_c564eba6_fk_auth_user_id; Type: FK CONSTRAINT; Schema: public; Owner: museo_user
--

ALTER TABLE ONLY public.django_admin_log
    ADD CONSTRAINT django_admin_log_user_id_c564eba6_fk_auth_user_id FOREIGN KEY (user_id) REFERENCES public.auth_user(id) DEFERRABLE INITIALLY DEFERRED;


--
-- Name: gallery_opera gallery_opera_autore_id_1d389d27_fk_gallery_autore_codice; Type: FK CONSTRAINT; Schema: public; Owner: museo_user
--

ALTER TABLE ONLY public.gallery_opera
    ADD CONSTRAINT gallery_opera_autore_id_1d389d27_fk_gallery_autore_codice FOREIGN KEY (autore_id) REFERENCES public.gallery_autore(codice) DEFERRABLE INITIALLY DEFERRED;


--
-- Name: gallery_opera gallery_opera_esposta_in_sala_id_e4998f28_fk_gallery_s; Type: FK CONSTRAINT; Schema: public; Owner: museo_user
--

ALTER TABLE ONLY public.gallery_opera
    ADD CONSTRAINT gallery_opera_esposta_in_sala_id_e4998f28_fk_gallery_s FOREIGN KEY (esposta_in_sala_id) REFERENCES public.gallery_sala(numero) DEFERRABLE INITIALLY DEFERRED;


--
-- Name: gallery_sala gallery_sala_tema_id_54c6ff03_fk_gallery_tema_codice; Type: FK CONSTRAINT; Schema: public; Owner: museo_user
--

ALTER TABLE ONLY public.gallery_sala
    ADD CONSTRAINT gallery_sala_tema_id_54c6ff03_fk_gallery_tema_codice FOREIGN KEY (tema_id) REFERENCES public.gallery_tema(codice) DEFERRABLE INITIALLY DEFERRED;


--
-- Name: SCHEMA public; Type: ACL; Schema: -; Owner: pg_database_owner
--

GRANT ALL ON SCHEMA public TO museo_user;


--
-- PostgreSQL database dump complete
--

